
-- 2025-06-27 13:28:49
update note set note='11',matricule='5d340',codeExamen='A24255D3PC5DC1' where idNote='745' ;
-- 2025-06-28 14:15:18
update examen set dateExamen='',heureDebutExamen='00:00:00',heureFinExamen='00:00:00',statutExamen='1',trimestreExamen='1' where codeExamen='A24255D1PC5DD3';
-- 2025-06-28 14:15:34
update examen set dateExamen='',heureDebutExamen='00:00:00',heureFinExamen='00:00:00',statutExamen='1',trimestreExamen='3' where codeExamen='A24255D10A24255DPC0D4';
-- 2025-06-28 14:15:49
update examen set dateExamen='',heureDebutExamen='00:00:00',heureFinExamen='00:00:00',statutExamen='1',trimestreExamen='3' where codeExamen='A24255D1PC5DD3';
-- 2025-06-28 14:39:03
update note set note='12' where idNote='1947' ;
-- 2025-06-29 22:07:08
insert into examen (codeExamen,codeClasseMatiere,codeSalleClasse,codeEvaluation,dateExamen,statutExamen,heureDebutExamen,heureFinExamen,trimestreExamen) values ('A24255D10A24255DPC0C3','A24255DPC','A24255D1','C3','2025-06-24','1','07:00','09:00','3');
-- 2025-06-29 22:08:20
insert into note(matricule,codeExamen,note) values('5d1041','A24255D10A24255DPC0C3','15');
-- 2025-06-29 22:13:09
update eleve set matricule='5d1041',nom='Cheikhou Cheikna Sylla',isme='الشيخ الشيخن سيلا',sexe='M',dateNaissance='2010-12-31',lieuNaissance='',adresse='Boghe',nni='00000041',statutEleve='actif' where matricule='5d1041';
-- 2025-06-30 16:30:08
insert into examen (codeExamen,codeClasseMatiere,codeSalleClasse,codeEvaluation,dateExamen,statutExamen,heureDebutExamen,heureFinExamen,trimestreExamen) values ('A24255D20A24255DSN0C3','A24255DSN','A24255D2','C3','','1','','','3');
-- 2025-06-30 16:30:08
insert into examen (codeExamen,codeClasseMatiere,codeSalleClasse,codeEvaluation,dateExamen,statutExamen,heureDebutExamen,heureFinExamen,trimestreExamen) values ('A24255D20A24255DPC0C3','A24255DPC','A24255D2','C3','','1','','','3');
-- 2025-06-30 16:30:08
insert into examen (codeExamen,codeClasseMatiere,codeSalleClasse,codeEvaluation,dateExamen,statutExamen,heureDebutExamen,heureFinExamen,trimestreExamen) values ('A24255D20A24255DMATH0C3','A24255DMATH','A24255D2','C3','','1','','','3');
-- 2025-06-30 16:30:08
insert into examen (codeExamen,codeClasseMatiere,codeSalleClasse,codeEvaluation,dateExamen,statutExamen,heureDebutExamen,heureFinExamen,trimestreExamen) values ('A24255D20A24255DAR0C3','A24255DAR','A24255D2','C3','','1','','','3');
-- 2025-06-30 16:30:08
insert into examen (codeExamen,codeClasseMatiere,codeSalleClasse,codeEvaluation,dateExamen,statutExamen,heureDebutExamen,heureFinExamen,trimestreExamen) values ('A24255D20A24255DFR0C3','A24255DFR','A24255D2','C3','','1','','','3');
-- 2025-06-30 16:30:08
insert into examen (codeExamen,codeClasseMatiere,codeSalleClasse,codeEvaluation,dateExamen,statutExamen,heureDebutExamen,heureFinExamen,trimestreExamen) values ('A24255D20A24255DEN0C3','A24255DEN','A24255D2','C3','','1','','','3');
-- 2025-06-30 16:30:08
insert into examen (codeExamen,codeClasseMatiere,codeSalleClasse,codeEvaluation,dateExamen,statutExamen,heureDebutExamen,heureFinExamen,trimestreExamen) values ('A24255D20A24255DHG0C3','A24255DHG','A24255D2','C3','','1','','','3');
-- 2025-06-30 16:30:09
insert into examen (codeExamen,codeClasseMatiere,codeSalleClasse,codeEvaluation,dateExamen,statutExamen,heureDebutExamen,heureFinExamen,trimestreExamen) values ('A24255D20A24255DIR0C3','A24255DIR','A24255D2','C3','','1','','','3');
-- 2025-06-30 16:30:09
insert into examen (codeExamen,codeClasseMatiere,codeSalleClasse,codeEvaluation,dateExamen,statutExamen,heureDebutExamen,heureFinExamen,trimestreExamen) values ('A24255D20A24255DPHILO0C3','A24255DPHILO','A24255D2','C3','','1','','','3');
-- 2025-06-30 16:30:09
insert into examen (codeExamen,codeClasseMatiere,codeSalleClasse,codeEvaluation,dateExamen,statutExamen,heureDebutExamen,heureFinExamen,trimestreExamen) values ('A24255D20A24255DEPS0C3','A24255DEPS','A24255D2','C3','','1','','','3');
-- 2025-06-30 16:30:09
insert into examen (codeExamen,codeClasseMatiere,codeSalleClasse,codeEvaluation,dateExamen,statutExamen,heureDebutExamen,heureFinExamen,trimestreExamen) values ('A24255D20A24255DIC0C3','A24255DIC','A24255D2','C3','','1','','','3');
-- 2025-06-30 16:57:19
insert into note(matricule,codeExamen,note) values('5d201','A24255D20A24255DPC0C3','9');
-- 2025-06-30 16:57:20
insert into note(matricule,codeExamen,note) values('5d202','A24255D20A24255DPC0C3','10');
-- 2025-06-30 16:57:20
insert into note(matricule,codeExamen,note) values('5d203','A24255D20A24255DPC0C3','5');
-- 2025-06-30 16:57:20
insert into note(matricule,codeExamen,note) values('5d205','A24255D20A24255DPC0C3','8');
-- 2025-06-30 16:57:20
insert into note(matricule,codeExamen,note) values('5d206','A24255D20A24255DPC0C3','9');
-- 2025-06-30 16:57:21
insert into note(matricule,codeExamen,note) values('5d208','A24255D20A24255DPC0C3','7');
-- 2025-06-30 16:57:21
insert into note(matricule,codeExamen,note) values('5d209','A24255D20A24255DPC0C3','8');
-- 2025-06-30 16:57:21
insert into note(matricule,codeExamen,note) values('5d210','A24255D20A24255DPC0C3','6.5');
-- 2025-06-30 16:57:21
insert into note(matricule,codeExamen,note) values('5d211','A24255D20A24255DPC0C3','8');
-- 2025-06-30 16:57:22
insert into note(matricule,codeExamen,note) values('5d212','A24255D20A24255DPC0C3','10');
-- 2025-06-30 16:57:22
insert into note(matricule,codeExamen,note) values('5d213','A24255D20A24255DPC0C3','10');
-- 2025-06-30 16:57:22
insert into note(matricule,codeExamen,note) values('5d214','A24255D20A24255DPC0C3','5');
-- 2025-06-30 16:57:22
insert into note(matricule,codeExamen,note) values('5d215','A24255D20A24255DPC0C3','11.5');
-- 2025-06-30 16:57:23
insert into note(matricule,codeExamen,note) values('5d216','A24255D20A24255DPC0C3','5');
-- 2025-06-30 16:57:23
insert into note(matricule,codeExamen,note) values('5d217','A24255D20A24255DPC0C3','9');
-- 2025-06-30 16:57:23
insert into note(matricule,codeExamen,note) values('5d219','A24255D20A24255DPC0C3','7.5');
-- 2025-06-30 16:57:23
insert into note(matricule,codeExamen,note) values('5d220','A24255D20A24255DPC0C3','7.5');
-- 2025-06-30 16:57:24
insert into note(matricule,codeExamen,note) values('5d222','A24255D20A24255DPC0C3','9');
-- 2025-06-30 16:57:24
insert into note(matricule,codeExamen,note) values('5d224','A24255D20A24255DPC0C3','5');
-- 2025-06-30 16:57:24
insert into note(matricule,codeExamen,note) values('5d225','A24255D20A24255DPC0C3','10');
-- 2025-06-30 16:57:24
insert into note(matricule,codeExamen,note) values('5d226','A24255D20A24255DPC0C3','10');
-- 2025-06-30 16:57:25
insert into note(matricule,codeExamen,note) values('5d227','A24255D20A24255DPC0C3','7');
-- 2025-06-30 16:57:25
insert into note(matricule,codeExamen,note) values('5d228','A24255D20A24255DPC0C3','5');
-- 2025-06-30 16:57:25
insert into note(matricule,codeExamen,note) values('5d229','A24255D20A24255DPC0C3','5');
-- 2025-06-30 16:57:25
insert into note(matricule,codeExamen,note) values('5d230','A24255D20A24255DPC0C3','5');
-- 2025-06-30 16:57:26
insert into note(matricule,codeExamen,note) values('5d231','A24255D20A24255DPC0C3','9');
-- 2025-06-30 16:57:26
insert into note(matricule,codeExamen,note) values('5d232','A24255D20A24255DPC0C3','10');
-- 2025-06-30 16:57:26
insert into note(matricule,codeExamen,note) values('5d233','A24255D20A24255DPC0C3','5');
-- 2025-06-30 16:57:26
insert into note(matricule,codeExamen,note) values('5d234','A24255D20A24255DPC0C3','11');
-- 2025-06-30 16:57:27
insert into note(matricule,codeExamen,note) values('5d235','A24255D20A24255DPC0C3','10');
-- 2025-06-30 16:57:27
insert into note(matricule,codeExamen,note) values('5d236','A24255D20A24255DPC0C3','19');
-- 2025-06-30 16:57:27
insert into note(matricule,codeExamen,note) values('5d237','A24255D20A24255DPC0C3','12.5');
-- 2025-06-30 16:57:27
insert into note(matricule,codeExamen,note) values('5d239','A24255D20A24255DPC0C3','15');
-- 2025-06-30 16:57:28
insert into note(matricule,codeExamen,note) values('5d240','A24255D20A24255DPC0C3','12');
-- 2025-06-30 16:57:28
insert into note(matricule,codeExamen,note) values('5d241','A24255D20A24255DPC0C3','12.5');
-- 2025-06-30 16:57:28
insert into note(matricule,codeExamen,note) values('5d242','A24255D20A24255DPC0C3','11');
-- 2025-06-30 16:57:28
insert into note(matricule,codeExamen,note) values('5d243','A24255D20A24255DPC0C3','11');
-- 2025-06-30 16:57:29
insert into note(matricule,codeExamen,note) values('5d244','A24255D20A24255DPC0C3','7.5');
-- 2025-06-30 16:57:29
insert into note(matricule,codeExamen,note) values('5d245','A24255D20A24255DPC0C3','18');
-- 2025-06-30 16:57:29
insert into note(matricule,codeExamen,note) values('5d246','A24255D20A24255DPC0C3','6');
-- 2025-06-30 16:57:29
insert into note(matricule,codeExamen,note) values('5d247','A24255D20A24255DPC0C3','5');
-- 2025-06-30 16:57:30
insert into note(matricule,codeExamen,note) values('5d248','A24255D20A24255DPC0C3','5');
-- 2025-06-30 16:57:30
insert into note(matricule,codeExamen,note) values('5d249','A24255D20A24255DPC0C3','7');
-- 2025-06-30 16:57:30
insert into note(matricule,codeExamen,note) values('5d250','A24255D20A24255DPC0C3','7.5');
-- 2025-06-30 16:57:31
insert into note(matricule,codeExamen,note) values('5d251','A24255D20A24255DPC0C3','10');
-- 2025-06-30 16:57:31
insert into note(matricule,codeExamen,note) values('5d252','A24255D20A24255DPC0C3','13');
-- 2025-06-30 16:57:31
insert into note(matricule,codeExamen,note) values('5d253','A24255D20A24255DPC0C3','5');
-- 2025-06-30 16:57:31
insert into note(matricule,codeExamen,note) values('5d254','A24255D20A24255DPC0C3','5');
-- 2025-06-30 16:57:32
insert into note(matricule,codeExamen,note) values('5d255','A24255D20A24255DPC0C3','13');
-- 2025-06-30 16:57:32
insert into note(matricule,codeExamen,note) values('5d256','A24255D20A24255DPC0C3','8');
-- 2025-06-30 16:57:32
insert into note(matricule,codeExamen,note) values('5d257','A24255D20A24255DPC0C3','7');
-- 2025-06-30 16:57:32
insert into note(matricule,codeExamen,note) values('5d258','A24255D20A24255DPC0C3','13.5');
-- 2025-06-30 16:57:33
insert into note(matricule,codeExamen,note) values('5d259','A24255D20A24255DPC0C3','6');
-- 2025-06-30 16:57:33
insert into note(matricule,codeExamen,note) values('5d260','A24255D20A24255DPC0C3','8');
-- 2025-06-30 16:57:33
insert into note(matricule,codeExamen,note) values('5d262','A24255D20A24255DPC0C3','5');
-- 2025-06-30 16:57:33
insert into note(matricule,codeExamen,note) values('5d263','A24255D20A24255DPC0C3','6');
-- 2025-06-30 16:57:34
insert into note(matricule,codeExamen,note) values('5d2064','A24255D20A24255DPC0C3','3');
-- 2025-06-30 16:59:03
insert into examen (codeExamen,codeClasseMatiere,codeSalleClasse,codeEvaluation,dateExamen,statutExamen,heureDebutExamen,heureFinExamen,trimestreExamen) values ('A24255D30A24255DPC0C3','A24255DPC','A24255D3','C3','','1','','','3');
-- 2025-06-30 17:00:04
insert into note(matricule,codeExamen,note) values('5d301','A24255D30A24255DPC0C3','7');
-- 2025-06-30 17:00:04
insert into note(matricule,codeExamen,note) values('5d302','A24255D30A24255DPC0C3','7');
-- 2025-06-30 17:00:04
insert into note(matricule,codeExamen,note) values('5d303','A24255D30A24255DPC0C3','9');
-- 2025-06-30 17:00:04
insert into note(matricule,codeExamen,note) values('5d304','A24255D30A24255DPC0C3','8.5');
-- 2025-06-30 17:00:05
insert into note(matricule,codeExamen,note) values('5d305','A24255D30A24255DPC0C3','5');
-- 2025-06-30 17:00:05
insert into note(matricule,codeExamen,note) values('5d306','A24255D30A24255DPC0C3','10');
-- 2025-06-30 17:00:05
insert into note(matricule,codeExamen,note) values('5d308','A24255D30A24255DPC0C3','9');
-- 2025-06-30 17:00:05
insert into note(matricule,codeExamen,note) values('5d310','A24255D30A24255DPC0C3','9.5');
-- 2025-06-30 17:00:06
insert into note(matricule,codeExamen,note) values('5d311','A24255D30A24255DPC0C3','7');
-- 2025-06-30 17:00:06
insert into note(matricule,codeExamen,note) values('5d312','A24255D30A24255DPC0C3','7');
-- 2025-06-30 17:00:06
insert into note(matricule,codeExamen,note) values('5d313','A24255D30A24255DPC0C3','8');
-- 2025-06-30 17:00:07
insert into note(matricule,codeExamen,note) values('5d314','A24255D30A24255DPC0C3','8.6');
-- 2025-06-30 17:00:07
insert into note(matricule,codeExamen,note) values('5d315','A24255D30A24255DPC0C3','13.6');
-- 2025-06-30 17:00:07
insert into note(matricule,codeExamen,note) values('5d316','A24255D30A24255DPC0C3','11');
-- 2025-06-30 17:00:07
insert into note(matricule,codeExamen,note) values('5d317','A24255D30A24255DPC0C3','9');
-- 2025-06-30 17:00:08
insert into note(matricule,codeExamen,note) values('5d319','A24255D30A24255DPC0C3','12.5');
-- 2025-06-30 17:00:08
insert into note(matricule,codeExamen,note) values('5d320','A24255D30A24255DPC0C3','10.5');
-- 2025-06-30 17:00:08
insert into note(matricule,codeExamen,note) values('5d321','A24255D30A24255DPC0C3','7');
-- 2025-06-30 17:00:08
insert into note(matricule,codeExamen,note) values('5d322','A24255D30A24255DPC0C3','7');
-- 2025-06-30 17:00:09
insert into note(matricule,codeExamen,note) values('5d323','A24255D30A24255DPC0C3','12');
-- 2025-06-30 17:00:09
insert into note(matricule,codeExamen,note) values('5d324','A24255D30A24255DPC0C3','9');
-- 2025-06-30 17:00:09
insert into note(matricule,codeExamen,note) values('5d326','A24255D30A24255DPC0C3','7');
-- 2025-06-30 17:00:09
insert into note(matricule,codeExamen,note) values('5d327','A24255D30A24255DPC0C3','9');
-- 2025-06-30 17:00:10
insert into note(matricule,codeExamen,note) values('5d328','A24255D30A24255DPC0C3','6');
-- 2025-06-30 17:00:10
insert into note(matricule,codeExamen,note) values('5d329','A24255D30A24255DPC0C3','10');
-- 2025-06-30 17:00:10
insert into note(matricule,codeExamen,note) values('5d330','A24255D30A24255DPC0C3','11.5');
-- 2025-06-30 17:00:11
insert into note(matricule,codeExamen,note) values('5d331','A24255D30A24255DPC0C3','12');
-- 2025-06-30 17:00:11
insert into note(matricule,codeExamen,note) values('5d332','A24255D30A24255DPC0C3','9');
-- 2025-06-30 17:00:11
insert into note(matricule,codeExamen,note) values('5d333','A24255D30A24255DPC0C3','10');
-- 2025-06-30 17:00:11
insert into note(matricule,codeExamen,note) values('5d334','A24255D30A24255DPC0C3','9.5');
-- 2025-06-30 17:00:12
insert into note(matricule,codeExamen,note) values('5d335','A24255D30A24255DPC0C3','9');
-- 2025-06-30 17:00:12
insert into note(matricule,codeExamen,note) values('5d336','A24255D30A24255DPC0C3','10');
-- 2025-06-30 17:00:12
insert into note(matricule,codeExamen,note) values('5d337','A24255D30A24255DPC0C3','11');
-- 2025-06-30 17:00:12
insert into note(matricule,codeExamen,note) values('5d338','A24255D30A24255DPC0C3','11.5');
-- 2025-06-30 17:00:12
insert into note(matricule,codeExamen,note) values('5d339','A24255D30A24255DPC0C3','7.5');
-- 2025-06-30 17:00:13
insert into note(matricule,codeExamen,note) values('5d340','A24255D30A24255DPC0C3','11');
-- 2025-06-30 17:00:13
insert into note(matricule,codeExamen,note) values('5d341','A24255D30A24255DPC0C3','9');
-- 2025-06-30 17:00:13
insert into note(matricule,codeExamen,note) values('5d342','A24255D30A24255DPC0C3','9');
-- 2025-06-30 17:00:13
insert into note(matricule,codeExamen,note) values('5d343','A24255D30A24255DPC0C3','9.5');
-- 2025-06-30 17:00:14
insert into note(matricule,codeExamen,note) values('5d344','A24255D30A24255DPC0C3','9.5');
-- 2025-06-30 17:00:14
insert into note(matricule,codeExamen,note) values('5d345','A24255D30A24255DPC0C3','8');
-- 2025-06-30 17:00:14
insert into note(matricule,codeExamen,note) values('5d346','A24255D30A24255DPC0C3','10');
-- 2025-06-30 17:00:15
insert into note(matricule,codeExamen,note) values('5d347','A24255D30A24255DPC0C3','11.5');
-- 2025-06-30 17:00:15
insert into note(matricule,codeExamen,note) values('5d348','A24255D30A24255DPC0C3','8.5');
-- 2025-06-30 17:00:15
insert into note(matricule,codeExamen,note) values('5d349','A24255D30A24255DPC0C3','10');
-- 2025-06-30 17:00:15
insert into note(matricule,codeExamen,note) values('5d350','A24255D30A24255DPC0C3','7.6');
-- 2025-06-30 17:00:16
insert into note(matricule,codeExamen,note) values('5d352','A24255D30A24255DPC0C3','7');
-- 2025-06-30 17:00:16
insert into note(matricule,codeExamen,note) values('5d353','A24255D30A24255DPC0C3','9.5');
-- 2025-06-30 17:00:16
insert into note(matricule,codeExamen,note) values('5d354','A24255D30A24255DPC0C3','6');
-- 2025-06-30 17:00:16
insert into note(matricule,codeExamen,note) values('5d355','A24255D30A24255DPC0C3','9.5');
-- 2025-06-30 17:00:17
insert into note(matricule,codeExamen,note) values('5d356','A24255D30A24255DPC0C3','7');
-- 2025-06-30 17:00:17
insert into note(matricule,codeExamen,note) values('5d357','A24255D30A24255DPC0C3','12.6');
-- 2025-06-30 17:00:17
insert into note(matricule,codeExamen,note) values('5d358','A24255D30A24255DPC0C3','11');
-- 2025-06-30 17:00:17
insert into note(matricule,codeExamen,note) values('5d359','A24255D30A24255DPC0C3','8');
-- 2025-06-30 17:00:18
insert into note(matricule,codeExamen,note) values('5d360','A24255D30A24255DPC0C3','9.5');
-- 2025-06-30 17:00:18
insert into note(matricule,codeExamen,note) values('5d361','A24255D30A24255DPC0C3','6');
-- 2025-06-30 17:02:02
insert into note(matricule,codeExamen,note) values('5d1001','A24255D10A24255DPC0C3','11');
-- 2025-06-30 17:02:03
insert into note(matricule,codeExamen,note) values('5d1002','A24255D10A24255DPC0C3','10');
-- 2025-06-30 17:02:03
insert into note(matricule,codeExamen,note) values('5d1003','A24255D10A24255DPC0C3','11');
-- 2025-06-30 17:02:03
insert into note(matricule,codeExamen,note) values('5d1004','A24255D10A24255DPC0C3','11');
-- 2025-06-30 17:02:03
insert into note(matricule,codeExamen,note) values('5d1005','A24255D10A24255DPC0C3','7');
-- 2025-06-30 17:02:04
insert into note(matricule,codeExamen,note) values('5d1006','A24255D10A24255DPC0C3','9');
-- 2025-06-30 17:02:04
insert into note(matricule,codeExamen,note) values('5d1007','A24255D10A24255DPC0C3','7');
-- 2025-06-30 17:02:04
insert into note(matricule,codeExamen,note) values('5d1008','A24255D10A24255DPC0C3','11');
-- 2025-06-30 17:02:04
insert into note(matricule,codeExamen,note) values('5d1009','A24255D10A24255DPC0C3','7');
-- 2025-06-30 17:02:05
insert into note(matricule,codeExamen,note) values('5d1010','A24255D10A24255DPC0C3','9');
-- 2025-06-30 17:02:05
insert into note(matricule,codeExamen,note) values('5d1011','A24255D10A24255DPC0C3','7');
-- 2025-06-30 17:02:05
insert into note(matricule,codeExamen,note) values('5d1012','A24255D10A24255DPC0C3','13');
-- 2025-06-30 17:02:06
insert into note(matricule,codeExamen,note) values('5d1013','A24255D10A24255DPC0C3','10');
-- 2025-06-30 17:02:06
insert into note(matricule,codeExamen,note) values('5d1014','A24255D10A24255DPC0C3','9');
-- 2025-06-30 17:02:06
insert into note(matricule,codeExamen,note) values('5d1015','A24255D10A24255DPC0C3','7');
-- 2025-06-30 17:02:06
insert into note(matricule,codeExamen,note) values('5d1016','A24255D10A24255DPC0C3','11');
-- 2025-06-30 17:02:07
insert into note(matricule,codeExamen,note) values('5d1017','A24255D10A24255DPC0C3','13');
-- 2025-06-30 17:02:07
insert into note(matricule,codeExamen,note) values('5d1018','A24255D10A24255DPC0C3','10');
-- 2025-06-30 17:02:07
insert into note(matricule,codeExamen,note) values('5d1020','A24255D10A24255DPC0C3','11');
-- 2025-06-30 17:02:07
insert into note(matricule,codeExamen,note) values('5d1021','A24255D10A24255DPC0C3','10');
-- 2025-06-30 17:02:08
insert into note(matricule,codeExamen,note) values('5d1022','A24255D10A24255DPC0C3','10');
-- 2025-06-30 17:02:08
insert into note(matricule,codeExamen,note) values('5d1023','A24255D10A24255DPC0C3','11');
-- 2025-06-30 17:02:08
insert into note(matricule,codeExamen,note) values('5d1024','A24255D10A24255DPC0C3','9');
-- 2025-06-30 17:02:08
insert into note(matricule,codeExamen,note) values('5d1025','A24255D10A24255DPC0C3','10');
-- 2025-06-30 17:02:09
insert into note(matricule,codeExamen,note) values('5d1026','A24255D10A24255DPC0C3','11');
-- 2025-06-30 17:02:09
insert into note(matricule,codeExamen,note) values('5d1027','A24255D10A24255DPC0C3','11');
-- 2025-06-30 17:02:09
insert into note(matricule,codeExamen,note) values('5d1028','A24255D10A24255DPC0C3','9');
-- 2025-06-30 17:02:09
insert into note(matricule,codeExamen,note) values('5d1029','A24255D10A24255DPC0C3','9');
-- 2025-06-30 17:02:10
insert into note(matricule,codeExamen,note) values('5d1030','A24255D10A24255DPC0C3','13');
-- 2025-06-30 17:02:10
insert into note(matricule,codeExamen,note) values('5d1031','A24255D10A24255DPC0C3','11');
-- 2025-06-30 17:02:10
insert into note(matricule,codeExamen,note) values('5d1032','A24255D10A24255DPC0C3','11');
-- 2025-06-30 17:02:11
insert into note(matricule,codeExamen,note) values('5d1033','A24255D10A24255DPC0C3','11');
-- 2025-06-30 17:02:11
insert into note(matricule,codeExamen,note) values('5d1034','A24255D10A24255DPC0C3','11');
-- 2025-06-30 17:02:11
insert into note(matricule,codeExamen,note) values('5d1035','A24255D10A24255DPC0C3','6');
-- 2025-06-30 17:02:11
insert into note(matricule,codeExamen,note) values('5d1036','A24255D10A24255DPC0C3','12');
-- 2025-06-30 17:02:11
insert into note(matricule,codeExamen,note) values('5d1037','A24255D10A24255DPC0C3','13');
-- 2025-06-30 17:02:12
insert into note(matricule,codeExamen,note) values('5d1038','A24255D10A24255DPC0C3','10');
-- 2025-06-30 17:02:12
insert into note(matricule,codeExamen,note) values('5d1039','A24255D10A24255DPC0C3','8');
-- 2025-06-30 17:02:12
insert into note(matricule,codeExamen,note) values('5d1040','A24255D10A24255DPC0C3','9');
-- 2025-06-30 17:02:12
insert into note(matricule,codeExamen,note) values('5d1042','A24255D10A24255DPC0C3','11');
-- 2025-06-30 17:02:13
insert into note(matricule,codeExamen,note) values('5d1043','A24255D10A24255DPC0C3','9');
-- 2025-06-30 17:02:13
insert into note(matricule,codeExamen,note) values('5d1044','A24255D10A24255DPC0C3','10');
-- 2025-06-30 17:02:13
insert into note(matricule,codeExamen,note) values('5d1046','A24255D10A24255DPC0C3','11');
-- 2025-06-30 17:02:13
insert into note(matricule,codeExamen,note) values('5d1047','A24255D10A24255DPC0C3','10');
-- 2025-06-30 17:02:13
insert into note(matricule,codeExamen,note) values('5d1048','A24255D10A24255DPC0C3','12');
-- 2025-06-30 17:02:14
insert into note(matricule,codeExamen,note) values('5d1049','A24255D10A24255DPC0C3','11');
-- 2025-06-30 17:02:14
insert into note(matricule,codeExamen,note) values('5d1050','A24255D10A24255DPC0C3','12');
-- 2025-06-30 17:02:14
insert into note(matricule,codeExamen,note) values('5d1052','A24255D10A24255DPC0C3','19');
-- 2025-06-30 17:02:14
insert into note(matricule,codeExamen,note) values('5d1053','A24255D10A24255DPC0C3','10');
-- 2025-06-30 17:02:15
insert into note(matricule,codeExamen,note) values('5d1054','A24255D10A24255DPC0C3','9');
-- 2025-06-30 17:02:15
insert into note(matricule,codeExamen,note) values('5d1055','A24255D10A24255DPC0C3','9');
-- 2025-06-30 17:02:15
insert into note(matricule,codeExamen,note) values('5d1056','A24255D10A24255DPC0C3','11');
-- 2025-06-30 17:02:15
insert into note(matricule,codeExamen,note) values('5d1059','A24255D10A24255DPC0C3','11');
-- 2025-06-30 17:02:16
insert into note(matricule,codeExamen,note) values('5d1060','A24255D10A24255DPC0C3','11');
-- 2025-06-30 17:02:16
insert into note(matricule,codeExamen,note) values('5d1061','A24255D10A24255DPC0C3','11');
-- 2025-06-30 17:02:16
insert into note(matricule,codeExamen,note) values('5d1063','A24255D10A24255DPC0C3','10');
-- 2025-06-30 17:02:16
insert into note(matricule,codeExamen,note) values('5d1064','A24255D10A24255DPC0C3','7');
-- 2025-06-30 17:05:08
insert into examen (codeExamen,codeClasseMatiere,codeSalleClasse,codeEvaluation,dateExamen,statutExamen,heureDebutExamen,heureFinExamen,trimestreExamen) values ('A24255LM0A24255LMPC0C3','A24255LMPC','A24255LM','C3','','1','','','3');
-- 2025-06-30 17:05:37
insert into examen (codeExamen,codeClasseMatiere,codeSalleClasse,codeEvaluation,dateExamen,statutExamen,heureDebutExamen,heureFinExamen,trimestreExamen) values ('A24255LM0A24255LMMATH0C3','A24255LMMATH','A24255LM','C3','','1','','','3');
-- 2025-06-30 17:07:55
insert into note(matricule,codeExamen,note) values('5LM001','A24255LM0A24255LMMATH0C3','6.5');
-- 2025-06-30 17:07:55
insert into note(matricule,codeExamen,note) values('5LM002','A24255LM0A24255LMMATH0C3','6.5');
-- 2025-06-30 17:07:55
insert into note(matricule,codeExamen,note) values('5LM004','A24255LM0A24255LMMATH0C3','5');
-- 2025-06-30 17:07:56
insert into note(matricule,codeExamen,note) values('5LM005','A24255LM0A24255LMMATH0C3','6');
-- 2025-06-30 17:07:56
insert into note(matricule,codeExamen,note) values('5LM007','A24255LM0A24255LMMATH0C3','8');
-- 2025-06-30 17:07:56
insert into note(matricule,codeExamen,note) values('5LM008','A24255LM0A24255LMMATH0C3','7');
-- 2025-06-30 17:07:56
insert into note(matricule,codeExamen,note) values('5LM011','A24255LM0A24255LMMATH0C3','6');
-- 2025-06-30 17:07:57
insert into note(matricule,codeExamen,note) values('5LM012','A24255LM0A24255LMMATH0C3','6');
-- 2025-06-30 17:07:57
insert into note(matricule,codeExamen,note) values('5LM014','A24255LM0A24255LMMATH0C3','4');
-- 2025-06-30 17:07:57
insert into note(matricule,codeExamen,note) values('5LM015','A24255LM0A24255LMMATH0C3','13');
-- 2025-06-30 17:07:58
insert into note(matricule,codeExamen,note) values('5LM017','A24255LM0A24255LMMATH0C3','6');
-- 2025-06-30 17:07:58
insert into note(matricule,codeExamen,note) values('5LM019','A24255LM0A24255LMMATH0C3','9');
-- 2025-06-30 17:07:58
insert into note(matricule,codeExamen,note) values('5LM022','A24255LM0A24255LMMATH0C3','6');
-- 2025-06-30 17:07:58
insert into note(matricule,codeExamen,note) values('5LM026','A24255LM0A24255LMMATH0C3','4');
-- 2025-06-30 17:07:59
insert into note(matricule,codeExamen,note) values('5LM027','A24255LM0A24255LMMATH0C3','9');
-- 2025-06-30 17:07:59
insert into note(matricule,codeExamen,note) values('5LM028','A24255LM0A24255LMMATH0C3','9');
-- 2025-06-30 17:07:59
insert into note(matricule,codeExamen,note) values('5LM029','A24255LM0A24255LMMATH0C3','7');
-- 2025-06-30 17:07:59
insert into note(matricule,codeExamen,note) values('5LM030','A24255LM0A24255LMMATH0C3','7');
-- 2025-06-30 17:08:00
insert into note(matricule,codeExamen,note) values('5LM031','A24255LM0A24255LMMATH0C3','6');
-- 2025-06-30 17:08:00
insert into note(matricule,codeExamen,note) values('5LM035','A24255LM0A24255LMMATH0C3','6.5');
-- 2025-06-30 17:08:00
insert into note(matricule,codeExamen,note) values('5LM036','A24255LM0A24255LMMATH0C3','7');
-- 2025-06-30 17:08:00
insert into note(matricule,codeExamen,note) values('5LM037','A24255LM0A24255LMMATH0C3','8');
-- 2025-06-30 17:08:01
insert into note(matricule,codeExamen,note) values('5LM038','A24255LM0A24255LMMATH0C3','6');
-- 2025-06-30 17:08:01
insert into note(matricule,codeExamen,note) values('5LM039','A24255LM0A24255LMMATH0C3','5');
-- 2025-06-30 17:08:01
insert into note(matricule,codeExamen,note) values('5LM040','A24255LM0A24255LMMATH0C3','5');
-- 2025-06-30 17:08:02
insert into note(matricule,codeExamen,note) values('5LM041','A24255LM0A24255LMMATH0C3','5');
-- 2025-06-30 17:08:02
insert into note(matricule,codeExamen,note) values('5LM042','A24255LM0A24255LMMATH0C3','8');
-- 2025-06-30 17:08:02
insert into note(matricule,codeExamen,note) values('5LM044','A24255LM0A24255LMMATH0C3','5');
-- 2025-06-30 17:08:02
insert into note(matricule,codeExamen,note) values('5LM045','A24255LM0A24255LMMATH0C3','8');
-- 2025-06-30 17:08:03
insert into note(matricule,codeExamen,note) values('5LM047','A24255LM0A24255LMMATH0C3','4');
-- 2025-06-30 17:08:03
insert into note(matricule,codeExamen,note) values('5LM048','A24255LM0A24255LMMATH0C3','6');
-- 2025-06-30 17:08:03
insert into note(matricule,codeExamen,note) values('5LM049','A24255LM0A24255LMMATH0C3','4');
-- 2025-06-30 17:08:03
insert into note(matricule,codeExamen,note) values('5LM050','A24255LM0A24255LMMATH0C3','7');
-- 2025-06-30 17:08:04
insert into note(matricule,codeExamen,note) values('5LM051','A24255LM0A24255LMMATH0C3','5');
-- 2025-06-30 17:08:04
insert into note(matricule,codeExamen,note) values('5LM052','A24255LM0A24255LMMATH0C3','5.5');
-- 2025-06-30 17:08:04
insert into note(matricule,codeExamen,note) values('5LM053','A24255LM0A24255LMMATH0C3','4');
-- 2025-06-30 17:08:04
insert into note(matricule,codeExamen,note) values('5LM054','A24255LM0A24255LMMATH0C3','8');
-- 2025-06-30 17:08:05
insert into note(matricule,codeExamen,note) values('5LM055','A24255LM0A24255LMMATH0C3','9');
-- 2025-06-30 17:08:05
insert into note(matricule,codeExamen,note) values('5LM056','A24255LM0A24255LMMATH0C3','6');
-- 2025-06-30 17:08:05
insert into note(matricule,codeExamen,note) values('5LM057','A24255LM0A24255LMMATH0C3','7');
-- 2025-06-30 17:10:40
insert into note(matricule,codeExamen,note) values('5LM001','A24255LM0A24255LMPC0C3','6.5');
-- 2025-06-30 17:10:40
insert into note(matricule,codeExamen,note) values('5LM002','A24255LM0A24255LMPC0C3','3');
-- 2025-06-30 17:10:40
insert into note(matricule,codeExamen,note) values('5LM004','A24255LM0A24255LMPC0C3','7');
-- 2025-06-30 17:10:41
insert into note(matricule,codeExamen,note) values('5LM005','A24255LM0A24255LMPC0C3','6');
-- 2025-06-30 17:10:41
insert into note(matricule,codeExamen,note) values('5LM007','A24255LM0A24255LMPC0C3','5');
-- 2025-06-30 17:10:41
insert into note(matricule,codeExamen,note) values('5LM008','A24255LM0A24255LMPC0C3','12');
-- 2025-06-30 17:10:41
insert into note(matricule,codeExamen,note) values('5LM011','A24255LM0A24255LMPC0C3','8');
-- 2025-06-30 17:10:42
insert into note(matricule,codeExamen,note) values('5LM012','A24255LM0A24255LMPC0C3','6');
-- 2025-06-30 17:10:42
insert into note(matricule,codeExamen,note) values('5LM014','A24255LM0A24255LMPC0C3','6');
-- 2025-06-30 17:10:42
insert into note(matricule,codeExamen,note) values('5LM015','A24255LM0A24255LMPC0C3','9');
-- 2025-06-30 17:10:42
insert into note(matricule,codeExamen,note) values('5LM017','A24255LM0A24255LMPC0C3','6');
-- 2025-06-30 17:10:42
insert into note(matricule,codeExamen,note) values('5LM019','A24255LM0A24255LMPC0C3','10');
-- 2025-06-30 17:10:43
insert into note(matricule,codeExamen,note) values('5LM020','A24255LM0A24255LMPC0C3','6');
-- 2025-06-30 17:10:43
insert into note(matricule,codeExamen,note) values('5LM022','A24255LM0A24255LMPC0C3','11');
-- 2025-06-30 17:10:43
insert into note(matricule,codeExamen,note) values('5LM026','A24255LM0A24255LMPC0C3','6');
-- 2025-06-30 17:10:44
insert into note(matricule,codeExamen,note) values('5LM027','A24255LM0A24255LMPC0C3','6.5');
-- 2025-06-30 17:10:44
insert into note(matricule,codeExamen,note) values('5LM028','A24255LM0A24255LMPC0C3','6');
-- 2025-06-30 17:10:44
insert into note(matricule,codeExamen,note) values('5LM029','A24255LM0A24255LMPC0C3','7');
-- 2025-06-30 17:10:44
insert into note(matricule,codeExamen,note) values('5LM030','A24255LM0A24255LMPC0C3','6');
-- 2025-06-30 17:10:45
insert into note(matricule,codeExamen,note) values('5LM031','A24255LM0A24255LMPC0C3','7');
-- 2025-06-30 17:10:45
insert into note(matricule,codeExamen,note) values('5LM035','A24255LM0A24255LMPC0C3','8');
-- 2025-06-30 17:10:45
insert into note(matricule,codeExamen,note) values('5LM036','A24255LM0A24255LMPC0C3','9');
-- 2025-06-30 17:10:46
insert into note(matricule,codeExamen,note) values('5LM037','A24255LM0A24255LMPC0C3','8');
-- 2025-06-30 17:10:46
insert into note(matricule,codeExamen,note) values('5LM038','A24255LM0A24255LMPC0C3','6.5');
-- 2025-06-30 17:10:46
insert into note(matricule,codeExamen,note) values('5LM039','A24255LM0A24255LMPC0C3','7');
-- 2025-06-30 17:10:46
insert into note(matricule,codeExamen,note) values('5LM040','A24255LM0A24255LMPC0C3','9');
-- 2025-06-30 17:10:47
insert into note(matricule,codeExamen,note) values('5LM041','A24255LM0A24255LMPC0C3','6');
-- 2025-06-30 17:10:47
insert into note(matricule,codeExamen,note) values('5LM042','A24255LM0A24255LMPC0C3','4');
-- 2025-06-30 17:10:47
insert into note(matricule,codeExamen,note) values('5LM044','A24255LM0A24255LMPC0C3','8');
-- 2025-06-30 17:10:47
insert into note(matricule,codeExamen,note) values('5LM045','A24255LM0A24255LMPC0C3','5.76');
-- 2025-06-30 17:10:48
insert into note(matricule,codeExamen,note) values('5LM047','A24255LM0A24255LMPC0C3','6');
-- 2025-06-30 17:10:48
insert into note(matricule,codeExamen,note) values('5LM048','A24255LM0A24255LMPC0C3','10');
-- 2025-06-30 17:10:48
insert into note(matricule,codeExamen,note) values('5LM049','A24255LM0A24255LMPC0C3','7');
-- 2025-06-30 17:10:48
insert into note(matricule,codeExamen,note) values('5LM050','A24255LM0A24255LMPC0C3','8');
-- 2025-06-30 17:10:49
insert into note(matricule,codeExamen,note) values('5LM051','A24255LM0A24255LMPC0C3','2');
-- 2025-06-30 17:10:49
insert into note(matricule,codeExamen,note) values('5LM052','A24255LM0A24255LMPC0C3','8');
-- 2025-06-30 17:10:49
insert into note(matricule,codeExamen,note) values('5LM053','A24255LM0A24255LMPC0C3','6');
-- 2025-06-30 17:10:49
insert into note(matricule,codeExamen,note) values('5LM054','A24255LM0A24255LMPC0C3','7');
-- 2025-06-30 17:10:50
insert into note(matricule,codeExamen,note) values('5LM055','A24255LM0A24255LMPC0C3','10');
-- 2025-06-30 17:10:50
insert into note(matricule,codeExamen,note) values('5LM057','A24255LM0A24255LMPC0C3','10');
-- 2025-06-30 17:12:23
insert into examen (codeExamen,codeClasseMatiere,codeSalleClasse,codeEvaluation,dateExamen,statutExamen,heureDebutExamen,heureFinExamen,trimestreExamen) values ('A24252AS20A24252ASMATH0C3','A24252ASMATH','A24252AS2','C3','','0','','','1');
-- 2025-06-30 17:12:37
update examen set dateExamen='',heureDebutExamen='00:00:00',heureFinExamen='00:00:00',statutExamen='1',trimestreExamen='3' where codeExamen='A24252AS20A24252ASMATH0C3';
-- 2025-06-30 17:13:21
insert into note(matricule,codeExamen,note) values('2AS201','A24252AS20A24252ASMATH0C3','8');
-- 2025-06-30 17:13:21
insert into note(matricule,codeExamen,note) values('2AS202','A24252AS20A24252ASMATH0C3','8');
-- 2025-06-30 17:13:21
insert into note(matricule,codeExamen,note) values('2AS203','A24252AS20A24252ASMATH0C3','11.5');
-- 2025-06-30 17:13:22
insert into note(matricule,codeExamen,note) values('2AS204','A24252AS20A24252ASMATH0C3','7.5');
-- 2025-06-30 17:13:22
insert into note(matricule,codeExamen,note) values('2AS205','A24252AS20A24252ASMATH0C3','6.5');
-- 2025-06-30 17:13:23
insert into note(matricule,codeExamen,note) values('2AS206','A24252AS20A24252ASMATH0C3','9.5');
-- 2025-06-30 17:13:23
insert into note(matricule,codeExamen,note) values('2AS207','A24252AS20A24252ASMATH0C3','11');
-- 2025-06-30 17:13:23
insert into note(matricule,codeExamen,note) values('2AS208','A24252AS20A24252ASMATH0C3','11');
-- 2025-06-30 17:13:24
insert into note(matricule,codeExamen,note) values('2AS209','A24252AS20A24252ASMATH0C3','8.5');
-- 2025-06-30 17:13:24
insert into note(matricule,codeExamen,note) values('2AS210','A24252AS20A24252ASMATH0C3','9');
-- 2025-06-30 17:13:24
insert into note(matricule,codeExamen,note) values('2AS211','A24252AS20A24252ASMATH0C3','8');
-- 2025-06-30 17:13:24
insert into note(matricule,codeExamen,note) values('2AS212','A24252AS20A24252ASMATH0C3','12.5');
-- 2025-06-30 17:13:24
insert into note(matricule,codeExamen,note) values('2AS213','A24252AS20A24252ASMATH0C3','13.5');
-- 2025-06-30 17:13:24
insert into note(matricule,codeExamen,note) values('2AS214','A24252AS20A24252ASMATH0C3','10.5');
-- 2025-06-30 17:13:25
insert into note(matricule,codeExamen,note) values('2AS215','A24252AS20A24252ASMATH0C3','13');
-- 2025-06-30 17:13:25
insert into note(matricule,codeExamen,note) values('2AS216','A24252AS20A24252ASMATH0C3','9');
-- 2025-06-30 17:13:25
insert into note(matricule,codeExamen,note) values('2AS217','A24252AS20A24252ASMATH0C3','9.25');
-- 2025-06-30 17:13:25
insert into note(matricule,codeExamen,note) values('2AS218','A24252AS20A24252ASMATH0C3','11');
-- 2025-06-30 17:13:26
insert into note(matricule,codeExamen,note) values('2AS219','A24252AS20A24252ASMATH0C3','10');
-- 2025-06-30 17:13:26
insert into note(matricule,codeExamen,note) values('2AS220','A24252AS20A24252ASMATH0C3','5');
-- 2025-06-30 17:13:26
insert into note(matricule,codeExamen,note) values('2AS221','A24252AS20A24252ASMATH0C3','19.5');
-- 2025-06-30 17:13:26
insert into note(matricule,codeExamen,note) values('2AS222','A24252AS20A24252ASMATH0C3','15');
-- 2025-06-30 17:13:26
insert into note(matricule,codeExamen,note) values('2AS223','A24252AS20A24252ASMATH0C3','10');
-- 2025-06-30 17:13:27
insert into note(matricule,codeExamen,note) values('2AS224','A24252AS20A24252ASMATH0C3','8');
-- 2025-06-30 17:13:27
insert into note(matricule,codeExamen,note) values('2AS225','A24252AS20A24252ASMATH0C3','7.5');
-- 2025-06-30 17:13:27
insert into note(matricule,codeExamen,note) values('2AS226','A24252AS20A24252ASMATH0C3','12.5');
-- 2025-06-30 17:13:27
insert into note(matricule,codeExamen,note) values('2AS228','A24252AS20A24252ASMATH0C3','10.5');
-- 2025-06-30 17:13:28
insert into note(matricule,codeExamen,note) values('2AS229','A24252AS20A24252ASMATH0C3','17');
-- 2025-06-30 17:13:28
insert into note(matricule,codeExamen,note) values('2AS230','A24252AS20A24252ASMATH0C3','13.5');
-- 2025-06-30 17:13:28
insert into note(matricule,codeExamen,note) values('2AS231','A24252AS20A24252ASMATH0C3','11.5');
-- 2025-06-30 17:13:28
insert into note(matricule,codeExamen,note) values('2AS232','A24252AS20A24252ASMATH0C3','8');
-- 2025-06-30 17:13:29
insert into note(matricule,codeExamen,note) values('2AS233','A24252AS20A24252ASMATH0C3','12.5');
-- 2025-06-30 17:13:29
insert into note(matricule,codeExamen,note) values('2AS234','A24252AS20A24252ASMATH0C3','9.5');
-- 2025-06-30 17:13:29
insert into note(matricule,codeExamen,note) values('2AS235','A24252AS20A24252ASMATH0C3','10');
-- 2025-06-30 17:13:29
insert into note(matricule,codeExamen,note) values('2AS236','A24252AS20A24252ASMATH0C3','9');
-- 2025-06-30 17:13:30
insert into note(matricule,codeExamen,note) values('2AS237','A24252AS20A24252ASMATH0C3','9');
-- 2025-06-30 17:13:30
insert into note(matricule,codeExamen,note) values('2AS238','A24252AS20A24252ASMATH0C3','11.5');
-- 2025-06-30 17:13:30
insert into note(matricule,codeExamen,note) values('2AS239','A24252AS20A24252ASMATH0C3','11.5');
-- 2025-06-30 17:13:31
insert into note(matricule,codeExamen,note) values('2AS240','A24252AS20A24252ASMATH0C3','9.5');
-- 2025-06-30 17:13:31
insert into note(matricule,codeExamen,note) values('2AS241','A24252AS20A24252ASMATH0C3','10');
-- 2025-06-30 17:13:31
insert into note(matricule,codeExamen,note) values('2AS242','A24252AS20A24252ASMATH0C3','9.5');
-- 2025-06-30 17:13:31
insert into note(matricule,codeExamen,note) values('2AS243','A24252AS20A24252ASMATH0C3','12.5');
-- 2025-06-30 17:13:32
insert into note(matricule,codeExamen,note) values('2AS244','A24252AS20A24252ASMATH0C3','9');
-- 2025-06-30 17:13:32
insert into note(matricule,codeExamen,note) values('2AS245','A24252AS20A24252ASMATH0C3','14.5');
-- 2025-06-30 17:13:32
insert into note(matricule,codeExamen,note) values('2AS246','A24252AS20A24252ASMATH0C3','9.5');
-- 2025-06-30 17:13:32
insert into note(matricule,codeExamen,note) values('2AS248','A24252AS20A24252ASMATH0C3','11.5');
-- 2025-06-30 17:13:33
insert into note(matricule,codeExamen,note) values('2AS249','A24252AS20A24252ASMATH0C3','18');
-- 2025-06-30 17:13:33
insert into note(matricule,codeExamen,note) values('2AS250','A24252AS20A24252ASMATH0C3','7');
-- 2025-06-30 17:13:33
insert into note(matricule,codeExamen,note) values('2AS252','A24252AS20A24252ASMATH0C3','10');
-- 2025-06-30 17:13:33
insert into note(matricule,codeExamen,note) values('2AS253','A24252AS20A24252ASMATH0C3','8');
-- 2025-06-30 17:13:34
insert into note(matricule,codeExamen,note) values('2AS254','A24252AS20A24252ASMATH0C3','12');
-- 2025-06-30 17:13:34
insert into note(matricule,codeExamen,note) values('2AS255','A24252AS20A24252ASMATH0C3','13');
-- 2025-06-30 17:13:34
insert into note(matricule,codeExamen,note) values('2AS256','A24252AS20A24252ASMATH0C3','12');
-- 2025-06-30 17:13:34
insert into note(matricule,codeExamen,note) values('2AS257','A24252AS20A24252ASMATH0C3','6');
-- 2025-06-30 17:29:19
update note set note='9' where idNote='2289' ;
-- 2025-06-30 17:36:31
update note set note='5' where idNote='1852' ;
-- 2025-06-30 17:37:11
update note set note='10' where idNote='2297' ;
-- 2025-06-30 17:41:53
update note set note='10' where idNote='866' ;
-- 2025-06-30 17:44:12
update note set note='10' where idNote='2401' ;
-- 2025-06-30 17:44:35
update note set note='10' where idNote='2399' ;
-- 2025-06-30 17:44:51
update note set note='10' where idNote='2396' ;
-- 2025-06-30 17:52:57
update note set note='10' where idNote='2395' ;
delete from note where idNote='1899' 
delete from note where idNote='1898' 
delete from note where idNote='1901' 
delete from note where idNote='1900' 
delete from note where idNote='1903' 
delete from note where idNote='1902' 
delete from note where idNote='1905' 
delete from note where idNote='1904' 
delete from note where idNote='1907' 
delete from note where idNote='1906' 
delete from note where idNote='1909' 
delete from note where idNote='1908' 
delete from note where idNote='1911' 
delete from note where idNote='1910' 
-- 2025-07-01 19:29:10
update note set note='10',matricule='5d313',codeExamen='A24255D30A24255DPC0C3' where idNote='2273' ;
-- 2025-07-01 19:29:10
update note set note='10',matricule='5d314',codeExamen='A24255D30A24255DPC0C3' where idNote='2274' ;
-- 2025-07-01 19:29:10
update note set note='10',matricule='5d322',codeExamen='A24255D30A24255DPC0C3' where idNote='2281' ;
-- 2025-07-01 19:29:10
update note set note='8',matricule='5d343',codeExamen='A24255D3PC5DC2' where idNote='809' ;
-- 2025-07-01 19:29:10
update note set note='10',matricule='5d343',codeExamen='A24255D30A24255DPC0C3' where idNote='2301' ;
-- 2025-07-01 19:36:55
update note set note='10' where idNote='2292' ;
delete from note where idNote='1913' 
delete from note where idNote='1912' 
-- 2025-07-02 19:55:54
INSERT INTO etablissement (nomEtablissement, ismeEtablissement, adresseEtablissement, villeEtablissement, telEtablissement, emailEtablissement, imagePathEtablissement) VALUES ('Lycee de Boghe', 'ثانوية بوغي', 'Boghé', 'Boghé', '45 00 45 00', 'LyceeBoghe@gmail.com', '');
-- 2025-07-02 20:00:19
UPDATE etablissement SET nomEtablissement = 'Lycee de Boghé', ismeEtablissement = 'ثانوية بوغي', adresseEtablissement = 'Boghé', villeEtablissement = 'Boghé', telEtablissement = '45 00 45', emailEtablissement = 'LyceeBoghe@gmail.com', imagePathEtablissement = '' WHERE idEtablissement = '8';
-- 2025-07-02 20:02:44
UPDATE etablissement SET nomEtablissement = 'Lycee de Boghé', ismeEtablissement = 'ثانوية بوغي', adresseEtablissement = 'Boghé Dow', villeEtablissement = 'Boghé', telEtablissement = '45 00 45', emailEtablissement = 'LyceeBoghe@gmail.com', imagePathEtablissement = '' WHERE idEtablissement = '8';
-- 2025-07-02 22:33:03
UPDATE etablissement SET nomEtablissement = 'Lycee de Boghé', ismeEtablissement = 'ثانوية بوغي', adresseEtablissement = 'Boghé Dow', villeEtablissement = 'Boghé', telEtablissement = '45 00 45 00', emailEtablissement = 'LyceeBoghe@gmail.com', imagePathEtablissement = '' WHERE idEtablissement = '8';
-- 2025-07-04 16:44:55
update note set note='10' where idNote='2219' ;
-- 2025-07-04 18:15:06
INSERT INTO absence (matricule, nombreAbsence, trimestreAbsence, codeAnnee) VALUES ('5d216', '5', '1', '2425');
-- 2025-07-04 18:35:14
UPDATE absence SET matricule = '5d216', nombreAbsence = '5', trimestreAbsence = '1', codeAnnee = '2425' WHERE idAbsence = '8';
-- 2025-07-04 18:35:28
UPDATE absence SET matricule = '5d216', nombreAbsence = '15', trimestreAbsence = '1', codeAnnee = '2425' WHERE idAbsence = '8';
-- 2025-07-04 18:35:40
DELETE FROM absence WHERE idAbsence = '8';
-- 2025-07-04 18:35:50
INSERT INTO absence (matricule, nombreAbsence, trimestreAbsence, codeAnnee) VALUES ('5d216', '15', '1', '2425');
-- 2025-07-04 20:26:10
INSERT INTO absence (matricule, nombreAbsence, trimestreAbsence, codeAnnee) VALUES ('5d201', '5', '3', '2425');
-- 2025-07-04 20:28:12
INSERT INTO absence (matricule, nombreAbsence, trimestreAbsence, codeAnnee) VALUES ('5d202', '12', '3', '2425');
-- 2025-07-04 20:28:13
INSERT INTO absence (matricule, nombreAbsence, trimestreAbsence, codeAnnee) VALUES ('5d203', '13', '3', '2425');
-- 2025-07-04 20:28:13
INSERT INTO absence (matricule, nombreAbsence, trimestreAbsence, codeAnnee) VALUES ('5d204', '14', '3', '2425');
-- 2025-07-04 20:28:13
INSERT INTO absence (matricule, nombreAbsence, trimestreAbsence, codeAnnee) VALUES ('5d205', '15', '3', '2425');
-- 2025-07-04 20:28:13
INSERT INTO absence (matricule, nombreAbsence, trimestreAbsence, codeAnnee) VALUES ('5d206', '16', '3', '2425');
-- 2025-07-04 20:28:13
INSERT INTO absence (matricule, nombreAbsence, trimestreAbsence, codeAnnee) VALUES ('5d207', '17', '3', '2425');
-- 2025-07-04 20:28:13
INSERT INTO absence (matricule, nombreAbsence, trimestreAbsence, codeAnnee) VALUES ('5d208', '18', '3', '2425');
-- 2025-07-04 20:28:13
INSERT INTO absence (matricule, nombreAbsence, trimestreAbsence, codeAnnee) VALUES ('5d209', '19', '3', '2425');
-- 2025-07-04 20:28:13
INSERT INTO absence (matricule, nombreAbsence, trimestreAbsence, codeAnnee) VALUES ('5d210', '20', '3', '2425');
-- 2025-07-04 20:28:13
INSERT INTO absence (matricule, nombreAbsence, trimestreAbsence, codeAnnee) VALUES ('5d211', '21', '3', '2425');
-- 2025-07-04 20:28:14
INSERT INTO absence (matricule, nombreAbsence, trimestreAbsence, codeAnnee) VALUES ('5d212', '22', '3', '2425');
-- 2025-07-04 20:28:14
INSERT INTO absence (matricule, nombreAbsence, trimestreAbsence, codeAnnee) VALUES ('5d213', '23', '3', '2425');
-- 2025-07-04 20:28:14
INSERT INTO absence (matricule, nombreAbsence, trimestreAbsence, codeAnnee) VALUES ('5d214', '24', '3', '2425');
-- 2025-07-04 20:28:14
INSERT INTO absence (matricule, nombreAbsence, trimestreAbsence, codeAnnee) VALUES ('5d215', '25', '3', '2425');
-- 2025-07-04 20:28:14
INSERT INTO absence (matricule, nombreAbsence, trimestreAbsence, codeAnnee) VALUES ('5d216', '26', '3', '2425');
-- 2025-07-04 20:28:14
INSERT INTO absence (matricule, nombreAbsence, trimestreAbsence, codeAnnee) VALUES ('5d217', '27', '3', '2425');
-- 2025-07-04 20:28:14
INSERT INTO absence (matricule, nombreAbsence, trimestreAbsence, codeAnnee) VALUES ('5d218', '28', '3', '2425');
-- 2025-07-04 20:28:14
INSERT INTO absence (matricule, nombreAbsence, trimestreAbsence, codeAnnee) VALUES ('5d219', '29', '3', '2425');
-- 2025-07-04 20:28:14
INSERT INTO absence (matricule, nombreAbsence, trimestreAbsence, codeAnnee) VALUES ('5d220', '30', '3', '2425');
-- 2025-07-04 20:28:15
INSERT INTO absence (matricule, nombreAbsence, trimestreAbsence, codeAnnee) VALUES ('5d221', '31', '3', '2425');
-- 2025-07-04 20:28:15
INSERT INTO absence (matricule, nombreAbsence, trimestreAbsence, codeAnnee) VALUES ('5d222', '32', '3', '2425');
-- 2025-07-04 20:28:15
INSERT INTO absence (matricule, nombreAbsence, trimestreAbsence, codeAnnee) VALUES ('5d223', '33', '3', '2425');
-- 2025-07-04 20:28:15
INSERT INTO absence (matricule, nombreAbsence, trimestreAbsence, codeAnnee) VALUES ('5d224', '34', '3', '2425');
-- 2025-07-04 20:28:15
INSERT INTO absence (matricule, nombreAbsence, trimestreAbsence, codeAnnee) VALUES ('5d225', '12', '3', '2425');
-- 2025-07-04 20:28:15
INSERT INTO absence (matricule, nombreAbsence, trimestreAbsence, codeAnnee) VALUES ('5d226', '13', '3', '2425');
-- 2025-07-04 20:28:15
INSERT INTO absence (matricule, nombreAbsence, trimestreAbsence, codeAnnee) VALUES ('5d227', '14', '3', '2425');
-- 2025-07-04 20:28:16
INSERT INTO absence (matricule, nombreAbsence, trimestreAbsence, codeAnnee) VALUES ('5d228', '15', '3', '2425');
-- 2025-07-04 20:28:16
INSERT INTO absence (matricule, nombreAbsence, trimestreAbsence, codeAnnee) VALUES ('5d229', '16', '3', '2425');
-- 2025-07-04 20:28:16
INSERT INTO absence (matricule, nombreAbsence, trimestreAbsence, codeAnnee) VALUES ('5d230', '17', '3', '2425');
-- 2025-07-04 20:28:16
INSERT INTO absence (matricule, nombreAbsence, trimestreAbsence, codeAnnee) VALUES ('5d231', '18', '3', '2425');
-- 2025-07-04 20:28:16
INSERT INTO absence (matricule, nombreAbsence, trimestreAbsence, codeAnnee) VALUES ('5d232', '19', '3', '2425');
-- 2025-07-04 20:28:16
INSERT INTO absence (matricule, nombreAbsence, trimestreAbsence, codeAnnee) VALUES ('5d233', '20', '3', '2425');
-- 2025-07-04 20:28:16
INSERT INTO absence (matricule, nombreAbsence, trimestreAbsence, codeAnnee) VALUES ('5d234', '21', '3', '2425');
-- 2025-07-04 20:28:16
INSERT INTO absence (matricule, nombreAbsence, trimestreAbsence, codeAnnee) VALUES ('5d235', '22', '3', '2425');
-- 2025-07-04 20:28:17
INSERT INTO absence (matricule, nombreAbsence, trimestreAbsence, codeAnnee) VALUES ('5d236', '23', '3', '2425');
-- 2025-07-04 20:28:17
INSERT INTO absence (matricule, nombreAbsence, trimestreAbsence, codeAnnee) VALUES ('5d237', '24', '3', '2425');
-- 2025-07-04 20:28:17
INSERT INTO absence (matricule, nombreAbsence, trimestreAbsence, codeAnnee) VALUES ('5d238', '25', '3', '2425');
-- 2025-07-04 20:28:17
INSERT INTO absence (matricule, nombreAbsence, trimestreAbsence, codeAnnee) VALUES ('5d239', '26', '3', '2425');
-- 2025-07-04 20:28:17
INSERT INTO absence (matricule, nombreAbsence, trimestreAbsence, codeAnnee) VALUES ('5d240', '27', '3', '2425');
-- 2025-07-04 20:28:17
INSERT INTO absence (matricule, nombreAbsence, trimestreAbsence, codeAnnee) VALUES ('5d241', '28', '3', '2425');
-- 2025-07-04 20:28:17
INSERT INTO absence (matricule, nombreAbsence, trimestreAbsence, codeAnnee) VALUES ('5d242', '29', '3', '2425');
-- 2025-07-04 20:28:17
INSERT INTO absence (matricule, nombreAbsence, trimestreAbsence, codeAnnee) VALUES ('5d243', '30', '3', '2425');
-- 2025-07-04 20:28:17
INSERT INTO absence (matricule, nombreAbsence, trimestreAbsence, codeAnnee) VALUES ('5d244', '31', '3', '2425');
-- 2025-07-04 20:28:18
INSERT INTO absence (matricule, nombreAbsence, trimestreAbsence, codeAnnee) VALUES ('5d245', '32', '3', '2425');
-- 2025-07-04 20:28:18
INSERT INTO absence (matricule, nombreAbsence, trimestreAbsence, codeAnnee) VALUES ('5d246', '33', '3', '2425');
-- 2025-07-04 20:28:18
INSERT INTO absence (matricule, nombreAbsence, trimestreAbsence, codeAnnee) VALUES ('5d247', '34', '3', '2425');
-- 2025-07-04 20:28:18
INSERT INTO absence (matricule, nombreAbsence, trimestreAbsence, codeAnnee) VALUES ('5d248', '12', '3', '2425');
-- 2025-07-04 20:28:18
INSERT INTO absence (matricule, nombreAbsence, trimestreAbsence, codeAnnee) VALUES ('5d249', '13', '3', '2425');
-- 2025-07-04 20:28:18
INSERT INTO absence (matricule, nombreAbsence, trimestreAbsence, codeAnnee) VALUES ('5d250', '14', '3', '2425');
-- 2025-07-04 20:28:18
INSERT INTO absence (matricule, nombreAbsence, trimestreAbsence, codeAnnee) VALUES ('5d251', '15', '3', '2425');
-- 2025-07-04 20:28:18
INSERT INTO absence (matricule, nombreAbsence, trimestreAbsence, codeAnnee) VALUES ('5d252', '16', '3', '2425');
-- 2025-07-04 20:28:19
INSERT INTO absence (matricule, nombreAbsence, trimestreAbsence, codeAnnee) VALUES ('5d253', '17', '3', '2425');
-- 2025-07-04 20:28:19
INSERT INTO absence (matricule, nombreAbsence, trimestreAbsence, codeAnnee) VALUES ('5d254', '18', '3', '2425');
-- 2025-07-04 20:28:19
INSERT INTO absence (matricule, nombreAbsence, trimestreAbsence, codeAnnee) VALUES ('5d255', '19', '3', '2425');
-- 2025-07-04 20:28:19
INSERT INTO absence (matricule, nombreAbsence, trimestreAbsence, codeAnnee) VALUES ('5d256', '20', '3', '2425');
-- 2025-07-04 20:28:19
INSERT INTO absence (matricule, nombreAbsence, trimestreAbsence, codeAnnee) VALUES ('5d257', '21', '3', '2425');
-- 2025-07-04 20:28:19
INSERT INTO absence (matricule, nombreAbsence, trimestreAbsence, codeAnnee) VALUES ('5d258', '22', '3', '2425');
-- 2025-07-04 20:28:19
INSERT INTO absence (matricule, nombreAbsence, trimestreAbsence, codeAnnee) VALUES ('5d259', '23', '3', '2425');
-- 2025-07-04 20:28:19
INSERT INTO absence (matricule, nombreAbsence, trimestreAbsence, codeAnnee) VALUES ('5d260', '24', '3', '2425');
-- 2025-07-04 20:28:20
INSERT INTO absence (matricule, nombreAbsence, trimestreAbsence, codeAnnee) VALUES ('5d261', '25', '3', '2425');
-- 2025-07-04 20:28:20
INSERT INTO absence (matricule, nombreAbsence, trimestreAbsence, codeAnnee) VALUES ('5d262', '26', '3', '2425');
-- 2025-07-04 20:28:20
INSERT INTO absence (matricule, nombreAbsence, trimestreAbsence, codeAnnee) VALUES ('5d263', '27', '3', '2425');
-- 2025-07-04 20:28:20
INSERT INTO absence (matricule, nombreAbsence, trimestreAbsence, codeAnnee) VALUES ('5d2064', '28', '3', '2425');
-- 2025-07-04 21:22:38
UPDATE absence SET matricule = '5d236', nombreAbsence = '48', trimestreAbsence = '3', codeAnnee = '2425' WHERE idAbsence = '46';
-- 2025-07-06 13:38:43
INSERT INTO absence_classe (absents, codeSalleclasse, codeMatiere, codeHoraire, dateAbsenceClasse, justifies, createdAt, updatedAt) VALUES ('', 'A24255LM', 'AR', '08-09', '2025-07-11', '', '2025-07-06 13:38:43', '2025-07-06 13:38:43');
-- 2025-07-06 14:06:25
INSERT INTO absence_classe (absents, codeSalleclasse, codeMatiere, codeHoraire, dateAbsenceClasse, justifies, createdAt, updatedAt) VALUES ('15', 'A24255LM', 'AR', '08-09', '2025-07-10', '', '2025-07-06 14:06:25', '2025-07-06 14:06:25');
-- 2025-07-06 14:09:28
UPDATE absence_classe SET absents = '15,13', codeSalleclasse = 'A24255LM', codeMatiere = 'AR', codeHoraire = '08-09', dateAbsenceClasse = '2025-07-11', justifies = '', updatedAt = '2025-07-06 14:09:28' WHERE idAbsenceClasse = '8';
-- 2025-07-06 14:09:50
DELETE FROM absence_classe WHERE idAbsenceClasse = '';
-- 2025-07-06 14:10:00
DELETE FROM absence_classe WHERE idAbsenceClasse = '';
-- 2025-07-06 14:12:09
DELETE FROM absence_classe WHERE idAbsenceClasse = '10';
-- 2025-07-06 14:35:32
UPDATE absence_classe SET absents = '15,13', codeSalleclasse = 'A24255LM', codeMatiere = 'AR', codeHoraire = '08-10', dateAbsenceClasse = '2025-07-11', justifies = '', updatedAt = '2025-07-06 14:35:32' WHERE idAbsenceClasse = '8';
-- 2025-07-06 15:33:18
UPDATE absence_classe SET absents = '13', codeSalleclasse = '', codeMatiere = 'AR', codeHoraire = '08-10', dateAbsenceClasse = '2025-07-11', justifies = '', updatedAt = '2025-07-06 15:33:18' WHERE idAbsenceClasse = '8';
-- 2025-07-06 15:33:44
UPDATE absence_classe SET absents = '', codeSalleclasse = '', codeMatiere = 'AR', codeHoraire = '08-10', dateAbsenceClasse = '2025-07-11', justifies = '', updatedAt = '2025-07-06 15:33:44' WHERE idAbsenceClasse = '8';
-- 2025-07-06 15:57:07
UPDATE absence_classe SET absents = '12,13', codeSalleclasse = 'A24255LM', codeMatiere = 'AR', codeHoraire = '08-10', dateAbsenceClasse = '2025-07-11', justifies = '', updatedAt = '2025-07-06 15:57:07' WHERE idAbsenceClasse = '8';
-- 2025-07-06 16:06:25
UPDATE absence_classe SET absents = '12,13,10', codeSalleclasse = 'A24255LM', codeMatiere = 'AR', codeHoraire = '08-10', dateAbsenceClasse = '2025-07-11', justifies = '', updatedAt = '2025-07-06 16:06:25' WHERE idAbsenceClasse = '8';
-- 2025-07-06 16:06:49
UPDATE absence_classe SET absents = '12,10', codeSalleclasse = 'A24255LM', codeMatiere = 'AR', codeHoraire = '08-10', dateAbsenceClasse = '2025-07-11', justifies = '', updatedAt = '2025-07-06 16:06:49' WHERE idAbsenceClasse = '8';
-- 2025-07-06 16:15:04
UPDATE absence_classe SET absents = '12,10', codeSalleclasse = 'A24255LM', codeMatiere = 'AR', codeHoraire = '08-10', dateAbsenceClasse = '2025-07-11', justifies = ',18', updatedAt = '2025-07-06 16:15:04' WHERE idAbsenceClasse = '8';
-- 2025-07-06 16:15:15
UPDATE absence_classe SET absents = '12,10', codeSalleclasse = 'A24255LM', codeMatiere = 'AR', codeHoraire = '08-10', dateAbsenceClasse = '2025-07-11', justifies = '18', updatedAt = '2025-07-06 16:15:15' WHERE idAbsenceClasse = '8';
-- 2025-07-06 16:15:26
UPDATE absence_classe SET absents = '12,10', codeSalleclasse = 'A24255LM', codeMatiere = 'AR', codeHoraire = '08-10', dateAbsenceClasse = '2025-07-11', justifies = '18,1', updatedAt = '2025-07-06 16:15:26' WHERE idAbsenceClasse = '8';
-- 2025-07-06 16:16:35
UPDATE absence_classe SET absents = '12,10', codeSalleclasse = 'A24255LM', codeMatiere = 'AR', codeHoraire = '08-10', dateAbsenceClasse = '2025-07-11', justifies = '18', updatedAt = '2025-07-06 16:16:35' WHERE idAbsenceClasse = '8';
-- 2025-07-06 17:19:45
UPDATE absence_classe SET absents = '12,10,8', codeSalleclasse = 'A24255LM', codeMatiere = 'AR', codeHoraire = '08-10', dateAbsenceClasse = '2025-07-11', justifies = '18', updatedAt = '2025-07-06 17:19:45' WHERE idAbsenceClasse = '8';
-- 2025-07-06 17:20:17
UPDATE absence_classe SET absents = '12,10,8,11', codeSalleclasse = 'A24255LM', codeMatiere = 'AR', codeHoraire = '08-10', dateAbsenceClasse = '2025-07-11', justifies = '18', updatedAt = '2025-07-06 17:20:17' WHERE idAbsenceClasse = '8';
-- 2025-07-06 17:20:25
UPDATE absence_classe SET absents = '12,10,8,11', codeSalleclasse = 'A24255LM', codeMatiere = 'AR', codeHoraire = '08-10', dateAbsenceClasse = '2025-07-11', justifies = '18', updatedAt = '2025-07-06 17:20:25' WHERE idAbsenceClasse = '8';
-- 2025-07-06 17:26:49
UPDATE absence_classe SET absents = '12,10,11', codeSalleclasse = 'A24255LM', codeMatiere = 'AR', codeHoraire = '08-10', dateAbsenceClasse = '2025-07-11', justifies = '18', updatedAt = '2025-07-06 17:26:49' WHERE idAbsenceClasse = '8';
-- 2025-07-07 08:37:24
INSERT INTO absence_classe (absents, codeSalleclasse, codeHoraire, dateAbsenceClasse, justifies, createdAt, updatedAt) VALUES ('12,20', 'A24255LM', '08-09', '', '', '2025-07-07 08:37:24', '2025-07-07 08:37:24');
-- 2025-07-07 08:41:43
INSERT INTO absence_classe (absents, codeSalleclasse, codeHoraire, dateAbsenceClasse, justifies, createdAt, updatedAt) VALUES ('12', 'A24255LM', '08-09', '2025-07-12', '', '2025-07-07 08:41:43', '2025-07-07 08:41:43');
-- 2025-07-07 09:00:20
UPDATE absence_classe SET absents = '12,10', codeSalleclasse = 'A24255LM', codeHoraire = '08-09', dateAbsenceClasse = '2025-07-12', justifies = '', updatedAt = '2025-07-07 09:00:20' WHERE idAbsenceClasse = '9';
-- 2025-07-07 09:00:28
UPDATE absence_classe SET absents = '10', codeSalleclasse = 'A24255LM', codeHoraire = '08-09', dateAbsenceClasse = '2025-07-12', justifies = '', updatedAt = '2025-07-07 09:00:28' WHERE idAbsenceClasse = '9';
-- 2025-07-07 09:00:35
UPDATE absence_classe SET absents = '10', codeSalleclasse = 'A24255LM', codeHoraire = '08-09', dateAbsenceClasse = '2025-07-12', justifies = ',14', updatedAt = '2025-07-07 09:00:35' WHERE idAbsenceClasse = '9';
-- 2025-07-07 09:00:45
UPDATE absence_classe SET absents = '10', codeSalleclasse = 'A24255LM', codeHoraire = '08-09', dateAbsenceClasse = '2025-07-12', justifies = '14', updatedAt = '2025-07-07 09:00:45' WHERE idAbsenceClasse = '9';
-- 2025-07-07 09:01:31
UPDATE absence_classe SET absents = '10', codeSalleclasse = 'A24255LM', codeHoraire = '08-09', dateAbsenceClasse = '2025-07-12', justifies = '14;18', updatedAt = '2025-07-07 09:01:31' WHERE idAbsenceClasse = '9';
-- 2025-07-07 09:07:41
UPDATE absence_classe SET absents = '10', codeSalleclasse = 'A24255LM', codeHoraire = '08-09', dateAbsenceClasse = '2025-07-12', justifies = '14,18', updatedAt = '2025-07-07 09:07:41' WHERE idAbsenceClasse = '9';
-- 2025-07-07 09:29:23
UPDATE absence_classe SET absents = '10', codeSalleclasse = 'A24255LM', codeHoraire = '08-09', dateAbsenceClasse = '2025-07-12', justifies = '14', updatedAt = '2025-07-07 09:29:23' WHERE idAbsenceClasse = '9';
-- 2025-07-07 09:29:28
UPDATE absence_classe SET absents = '10', codeSalleclasse = 'A24255LM', codeHoraire = '08-09', dateAbsenceClasse = '2025-07-12', justifies = '', updatedAt = '2025-07-07 09:29:28' WHERE idAbsenceClasse = '9';
-- 2025-07-07 09:29:38
UPDATE absence_classe SET absents = '10,11', codeSalleclasse = 'A24255LM', codeHoraire = '08-09', dateAbsenceClasse = '2025-07-12', justifies = '', updatedAt = '2025-07-07 09:29:38' WHERE idAbsenceClasse = '9';
-- 2025-07-07 09:29:50
UPDATE absence_classe SET absents = '10,11,12', codeSalleclasse = 'A24255LM', codeHoraire = '08-09', dateAbsenceClasse = '2025-07-12', justifies = '', updatedAt = '2025-07-07 09:29:50' WHERE idAbsenceClasse = '9';
-- 2025-07-07 09:37:28
INSERT INTO absence_classe (absents, codeSalleclasse, codeHoraire, dateAbsenceClasse, justifies, createdAt, updatedAt) VALUES ('12,15,14', 'A24255LM', '10-12', '2025-07-15', '', '2025-07-07 09:37:28', '2025-07-07 09:37:28');
-- 2025-07-07 11:32:09
INSERT INTO absence (matricule, nombreAbsence, trimestreAbsence, codeAnnee) VALUES ('5LM001', '0', '3', '2425');
-- 2025-07-07 11:32:09
INSERT INTO absence (matricule, nombreAbsence, trimestreAbsence, codeAnnee) VALUES ('5LM002', '0', '3', '2425');
-- 2025-07-07 11:32:09
INSERT INTO absence (matricule, nombreAbsence, trimestreAbsence, codeAnnee) VALUES ('5LM003', '0', '3', '2425');
-- 2025-07-07 11:32:09
INSERT INTO absence (matricule, nombreAbsence, trimestreAbsence, codeAnnee) VALUES ('5LM004', '0', '3', '2425');
-- 2025-07-07 11:32:09
INSERT INTO absence (matricule, nombreAbsence, trimestreAbsence, codeAnnee) VALUES ('5LM005', '0', '3', '2425');
-- 2025-07-07 11:32:09
INSERT INTO absence (matricule, nombreAbsence, trimestreAbsence, codeAnnee) VALUES ('5LM006', '0', '3', '2425');
-- 2025-07-07 11:32:09
INSERT INTO absence (matricule, nombreAbsence, trimestreAbsence, codeAnnee) VALUES ('5LM007', '0', '3', '2425');
-- 2025-07-07 11:32:09
INSERT INTO absence (matricule, nombreAbsence, trimestreAbsence, codeAnnee) VALUES ('5LM008', '0', '3', '2425');
-- 2025-07-07 11:32:09
INSERT INTO absence (matricule, nombreAbsence, trimestreAbsence, codeAnnee) VALUES ('5LM009', '0', '3', '2425');
-- 2025-07-07 11:32:09
INSERT INTO absence (matricule, nombreAbsence, trimestreAbsence, codeAnnee) VALUES ('5LM010', '1', '3', '2425');
-- 2025-07-07 11:32:09
INSERT INTO absence (matricule, nombreAbsence, trimestreAbsence, codeAnnee) VALUES ('5LM011', '1', '3', '2425');
-- 2025-07-07 11:32:09
INSERT INTO absence (matricule, nombreAbsence, trimestreAbsence, codeAnnee) VALUES ('5LM012', '2', '3', '2425');
-- 2025-07-07 11:32:09
INSERT INTO absence (matricule, nombreAbsence, trimestreAbsence, codeAnnee) VALUES ('5LM013', '0', '3', '2425');
-- 2025-07-07 11:32:09
INSERT INTO absence (matricule, nombreAbsence, trimestreAbsence, codeAnnee) VALUES ('5LM014', '1', '3', '2425');
-- 2025-07-07 11:32:09
INSERT INTO absence (matricule, nombreAbsence, trimestreAbsence, codeAnnee) VALUES ('5LM015', '1', '3', '2425');
-- 2025-07-07 11:32:09
INSERT INTO absence (matricule, nombreAbsence, trimestreAbsence, codeAnnee) VALUES ('5LM016', '0', '3', '2425');
-- 2025-07-07 11:32:09
INSERT INTO absence (matricule, nombreAbsence, trimestreAbsence, codeAnnee) VALUES ('5LM017', '0', '3', '2425');
-- 2025-07-07 11:32:09
INSERT INTO absence (matricule, nombreAbsence, trimestreAbsence, codeAnnee) VALUES ('5LM018', '0', '3', '2425');
-- 2025-07-07 11:32:09
INSERT INTO absence (matricule, nombreAbsence, trimestreAbsence, codeAnnee) VALUES ('5LM019', '0', '3', '2425');
-- 2025-07-07 11:32:09
INSERT INTO absence (matricule, nombreAbsence, trimestreAbsence, codeAnnee) VALUES ('5LM020', '0', '3', '2425');
-- 2025-07-07 11:32:09
INSERT INTO absence (matricule, nombreAbsence, trimestreAbsence, codeAnnee) VALUES ('5LM021', '0', '3', '2425');
-- 2025-07-07 11:32:09
INSERT INTO absence (matricule, nombreAbsence, trimestreAbsence, codeAnnee) VALUES ('5LM022', '0', '3', '2425');
-- 2025-07-07 11:32:09
INSERT INTO absence (matricule, nombreAbsence, trimestreAbsence, codeAnnee) VALUES ('5LM023', '0', '3', '2425');
-- 2025-07-07 11:32:09
INSERT INTO absence (matricule, nombreAbsence, trimestreAbsence, codeAnnee) VALUES ('5LM024', '0', '3', '2425');
-- 2025-07-07 11:32:09
INSERT INTO absence (matricule, nombreAbsence, trimestreAbsence, codeAnnee) VALUES ('5LM025', '0', '3', '2425');
-- 2025-07-07 11:32:10
INSERT INTO absence (matricule, nombreAbsence, trimestreAbsence, codeAnnee) VALUES ('5LM026', '0', '3', '2425');
-- 2025-07-07 11:32:10
INSERT INTO absence (matricule, nombreAbsence, trimestreAbsence, codeAnnee) VALUES ('5LM027', '0', '3', '2425');
-- 2025-07-07 11:32:10
INSERT INTO absence (matricule, nombreAbsence, trimestreAbsence, codeAnnee) VALUES ('5LM028', '0', '3', '2425');
-- 2025-07-07 11:32:10
INSERT INTO absence (matricule, nombreAbsence, trimestreAbsence, codeAnnee) VALUES ('5LM029', '0', '3', '2425');
-- 2025-07-07 11:32:10
INSERT INTO absence (matricule, nombreAbsence, trimestreAbsence, codeAnnee) VALUES ('5LM030', '0', '3', '2425');
-- 2025-07-07 11:32:10
INSERT INTO absence (matricule, nombreAbsence, trimestreAbsence, codeAnnee) VALUES ('5LM031', '0', '3', '2425');
-- 2025-07-07 11:32:10
INSERT INTO absence (matricule, nombreAbsence, trimestreAbsence, codeAnnee) VALUES ('5LM032', '0', '3', '2425');
-- 2025-07-07 11:32:10
INSERT INTO absence (matricule, nombreAbsence, trimestreAbsence, codeAnnee) VALUES ('5LM033', '0', '3', '2425');
-- 2025-07-07 11:32:10
INSERT INTO absence (matricule, nombreAbsence, trimestreAbsence, codeAnnee) VALUES ('5LM034', '0', '3', '2425');
-- 2025-07-07 11:32:10
INSERT INTO absence (matricule, nombreAbsence, trimestreAbsence, codeAnnee) VALUES ('5LM035', '0', '3', '2425');
-- 2025-07-07 11:32:10
INSERT INTO absence (matricule, nombreAbsence, trimestreAbsence, codeAnnee) VALUES ('5LM036', '0', '3', '2425');
-- 2025-07-07 11:32:10
INSERT INTO absence (matricule, nombreAbsence, trimestreAbsence, codeAnnee) VALUES ('5LM037', '0', '3', '2425');
-- 2025-07-07 11:32:10
INSERT INTO absence (matricule, nombreAbsence, trimestreAbsence, codeAnnee) VALUES ('5LM038', '0', '3', '2425');
-- 2025-07-07 11:32:10
INSERT INTO absence (matricule, nombreAbsence, trimestreAbsence, codeAnnee) VALUES ('5LM039', '0', '3', '2425');
-- 2025-07-07 11:32:10
INSERT INTO absence (matricule, nombreAbsence, trimestreAbsence, codeAnnee) VALUES ('5LM040', '0', '3', '2425');
-- 2025-07-07 11:32:10
INSERT INTO absence (matricule, nombreAbsence, trimestreAbsence, codeAnnee) VALUES ('5LM041', '0', '3', '2425');
-- 2025-07-07 11:32:10
INSERT INTO absence (matricule, nombreAbsence, trimestreAbsence, codeAnnee) VALUES ('5LM042', '0', '3', '2425');
-- 2025-07-07 11:32:10
INSERT INTO absence (matricule, nombreAbsence, trimestreAbsence, codeAnnee) VALUES ('5LM043', '0', '3', '2425');
-- 2025-07-07 11:32:10
INSERT INTO absence (matricule, nombreAbsence, trimestreAbsence, codeAnnee) VALUES ('5LM044', '0', '3', '2425');
-- 2025-07-07 11:32:10
INSERT INTO absence (matricule, nombreAbsence, trimestreAbsence, codeAnnee) VALUES ('5LM045', '0', '3', '2425');
-- 2025-07-07 11:32:10
INSERT INTO absence (matricule, nombreAbsence, trimestreAbsence, codeAnnee) VALUES ('5LM046', '0', '3', '2425');
-- 2025-07-07 11:32:10
INSERT INTO absence (matricule, nombreAbsence, trimestreAbsence, codeAnnee) VALUES ('5LM047', '0', '3', '2425');
-- 2025-07-07 11:32:10
INSERT INTO absence (matricule, nombreAbsence, trimestreAbsence, codeAnnee) VALUES ('5LM048', '0', '3', '2425');
-- 2025-07-07 11:32:10
INSERT INTO absence (matricule, nombreAbsence, trimestreAbsence, codeAnnee) VALUES ('5LM049', '0', '3', '2425');
-- 2025-07-07 11:32:10
INSERT INTO absence (matricule, nombreAbsence, trimestreAbsence, codeAnnee) VALUES ('5LM050', '0', '3', '2425');
-- 2025-07-07 11:32:10
INSERT INTO absence (matricule, nombreAbsence, trimestreAbsence, codeAnnee) VALUES ('5LM051', '0', '3', '2425');
-- 2025-07-07 11:32:10
INSERT INTO absence (matricule, nombreAbsence, trimestreAbsence, codeAnnee) VALUES ('5LM052', '0', '3', '2425');
-- 2025-07-07 11:32:10
INSERT INTO absence (matricule, nombreAbsence, trimestreAbsence, codeAnnee) VALUES ('5LM053', '0', '3', '2425');
-- 2025-07-07 11:32:10
INSERT INTO absence (matricule, nombreAbsence, trimestreAbsence, codeAnnee) VALUES ('5LM054', '0', '3', '2425');
-- 2025-07-07 11:32:10
INSERT INTO absence (matricule, nombreAbsence, trimestreAbsence, codeAnnee) VALUES ('5LM055', '0', '3', '2425');
-- 2025-07-07 11:32:10
INSERT INTO absence (matricule, nombreAbsence, trimestreAbsence, codeAnnee) VALUES ('5LM056', '0', '3', '2425');
-- 2025-07-07 11:32:10
INSERT INTO absence (matricule, nombreAbsence, trimestreAbsence, codeAnnee) VALUES ('5LM057', '0', '3', '2425');
-- 2025-07-07 11:33:45
UPDATE absence SET matricule = '5LM001', nombreAbsence = '0', trimestreAbsence = '3', codeAnnee = '2425' WHERE idAbsence = '75';
-- 2025-07-07 11:33:45
UPDATE absence SET matricule = '5LM002', nombreAbsence = '0', trimestreAbsence = '3', codeAnnee = '2425' WHERE idAbsence = '76';
-- 2025-07-07 11:33:45
UPDATE absence SET matricule = '5LM003', nombreAbsence = '0', trimestreAbsence = '3', codeAnnee = '2425' WHERE idAbsence = '77';
-- 2025-07-07 11:33:45
UPDATE absence SET matricule = '5LM004', nombreAbsence = '0', trimestreAbsence = '3', codeAnnee = '2425' WHERE idAbsence = '78';
-- 2025-07-07 11:33:45
UPDATE absence SET matricule = '5LM005', nombreAbsence = '0', trimestreAbsence = '3', codeAnnee = '2425' WHERE idAbsence = '79';
-- 2025-07-07 11:33:45
UPDATE absence SET matricule = '5LM006', nombreAbsence = '0', trimestreAbsence = '3', codeAnnee = '2425' WHERE idAbsence = '80';
-- 2025-07-07 11:33:45
UPDATE absence SET matricule = '5LM007', nombreAbsence = '0', trimestreAbsence = '3', codeAnnee = '2425' WHERE idAbsence = '81';
-- 2025-07-07 11:33:45
UPDATE absence SET matricule = '5LM008', nombreAbsence = '0', trimestreAbsence = '3', codeAnnee = '2425' WHERE idAbsence = '82';
-- 2025-07-07 11:33:45
UPDATE absence SET matricule = '5LM009', nombreAbsence = '0', trimestreAbsence = '3', codeAnnee = '2425' WHERE idAbsence = '83';
-- 2025-07-07 11:33:45
UPDATE absence SET matricule = '5LM010', nombreAbsence = '1', trimestreAbsence = '3', codeAnnee = '2425' WHERE idAbsence = '84';
-- 2025-07-07 11:33:45
UPDATE absence SET matricule = '5LM011', nombreAbsence = '1', trimestreAbsence = '3', codeAnnee = '2425' WHERE idAbsence = '85';
-- 2025-07-07 11:33:45
UPDATE absence SET matricule = '5LM012', nombreAbsence = '2', trimestreAbsence = '3', codeAnnee = '2425' WHERE idAbsence = '86';
-- 2025-07-07 11:33:45
UPDATE absence SET matricule = '5LM013', nombreAbsence = '0', trimestreAbsence = '3', codeAnnee = '2425' WHERE idAbsence = '87';
-- 2025-07-07 11:33:45
UPDATE absence SET matricule = '5LM014', nombreAbsence = '1', trimestreAbsence = '3', codeAnnee = '2425' WHERE idAbsence = '88';
-- 2025-07-07 11:33:45
UPDATE absence SET matricule = '5LM015', nombreAbsence = '1', trimestreAbsence = '3', codeAnnee = '2425' WHERE idAbsence = '89';
-- 2025-07-07 11:33:45
UPDATE absence SET matricule = '5LM016', nombreAbsence = '0', trimestreAbsence = '3', codeAnnee = '2425' WHERE idAbsence = '90';
-- 2025-07-07 11:33:45
UPDATE absence SET matricule = '5LM017', nombreAbsence = '0', trimestreAbsence = '3', codeAnnee = '2425' WHERE idAbsence = '91';
-- 2025-07-07 11:33:45
UPDATE absence SET matricule = '5LM018', nombreAbsence = '0', trimestreAbsence = '3', codeAnnee = '2425' WHERE idAbsence = '92';
-- 2025-07-07 11:33:45
UPDATE absence SET matricule = '5LM019', nombreAbsence = '0', trimestreAbsence = '3', codeAnnee = '2425' WHERE idAbsence = '93';
-- 2025-07-07 11:33:45
UPDATE absence SET matricule = '5LM020', nombreAbsence = '0', trimestreAbsence = '3', codeAnnee = '2425' WHERE idAbsence = '94';
-- 2025-07-07 11:33:45
UPDATE absence SET matricule = '5LM021', nombreAbsence = '0', trimestreAbsence = '3', codeAnnee = '2425' WHERE idAbsence = '95';
-- 2025-07-07 11:33:45
UPDATE absence SET matricule = '5LM022', nombreAbsence = '0', trimestreAbsence = '3', codeAnnee = '2425' WHERE idAbsence = '96';
-- 2025-07-07 11:33:45
UPDATE absence SET matricule = '5LM023', nombreAbsence = '0', trimestreAbsence = '3', codeAnnee = '2425' WHERE idAbsence = '97';
-- 2025-07-07 11:33:46
UPDATE absence SET matricule = '5LM024', nombreAbsence = '0', trimestreAbsence = '3', codeAnnee = '2425' WHERE idAbsence = '98';
-- 2025-07-07 11:33:46
UPDATE absence SET matricule = '5LM025', nombreAbsence = '0', trimestreAbsence = '3', codeAnnee = '2425' WHERE idAbsence = '99';
-- 2025-07-07 11:33:46
UPDATE absence SET matricule = '5LM026', nombreAbsence = '0', trimestreAbsence = '3', codeAnnee = '2425' WHERE idAbsence = '100';
-- 2025-07-07 11:33:46
UPDATE absence SET matricule = '5LM027', nombreAbsence = '0', trimestreAbsence = '3', codeAnnee = '2425' WHERE idAbsence = '101';
-- 2025-07-07 11:33:46
UPDATE absence SET matricule = '5LM028', nombreAbsence = '0', trimestreAbsence = '3', codeAnnee = '2425' WHERE idAbsence = '102';
-- 2025-07-07 11:33:46
UPDATE absence SET matricule = '5LM029', nombreAbsence = '0', trimestreAbsence = '3', codeAnnee = '2425' WHERE idAbsence = '103';
-- 2025-07-07 11:33:46
UPDATE absence SET matricule = '5LM030', nombreAbsence = '0', trimestreAbsence = '3', codeAnnee = '2425' WHERE idAbsence = '104';
-- 2025-07-07 11:33:46
UPDATE absence SET matricule = '5LM031', nombreAbsence = '0', trimestreAbsence = '3', codeAnnee = '2425' WHERE idAbsence = '105';
-- 2025-07-07 11:33:46
UPDATE absence SET matricule = '5LM032', nombreAbsence = '0', trimestreAbsence = '3', codeAnnee = '2425' WHERE idAbsence = '106';
-- 2025-07-07 11:33:46
UPDATE absence SET matricule = '5LM033', nombreAbsence = '0', trimestreAbsence = '3', codeAnnee = '2425' WHERE idAbsence = '107';
-- 2025-07-07 11:33:46
UPDATE absence SET matricule = '5LM034', nombreAbsence = '0', trimestreAbsence = '3', codeAnnee = '2425' WHERE idAbsence = '108';
-- 2025-07-07 11:33:46
UPDATE absence SET matricule = '5LM035', nombreAbsence = '0', trimestreAbsence = '3', codeAnnee = '2425' WHERE idAbsence = '109';
-- 2025-07-07 11:33:46
UPDATE absence SET matricule = '5LM036', nombreAbsence = '0', trimestreAbsence = '3', codeAnnee = '2425' WHERE idAbsence = '110';
-- 2025-07-07 11:33:46
UPDATE absence SET matricule = '5LM037', nombreAbsence = '0', trimestreAbsence = '3', codeAnnee = '2425' WHERE idAbsence = '111';
-- 2025-07-07 11:33:46
UPDATE absence SET matricule = '5LM038', nombreAbsence = '0', trimestreAbsence = '3', codeAnnee = '2425' WHERE idAbsence = '112';
-- 2025-07-07 11:33:46
UPDATE absence SET matricule = '5LM039', nombreAbsence = '0', trimestreAbsence = '3', codeAnnee = '2425' WHERE idAbsence = '113';
-- 2025-07-07 11:33:46
UPDATE absence SET matricule = '5LM040', nombreAbsence = '0', trimestreAbsence = '3', codeAnnee = '2425' WHERE idAbsence = '114';
-- 2025-07-07 11:33:46
UPDATE absence SET matricule = '5LM041', nombreAbsence = '0', trimestreAbsence = '3', codeAnnee = '2425' WHERE idAbsence = '115';
-- 2025-07-07 11:33:46
UPDATE absence SET matricule = '5LM042', nombreAbsence = '0', trimestreAbsence = '3', codeAnnee = '2425' WHERE idAbsence = '116';
-- 2025-07-07 11:33:46
UPDATE absence SET matricule = '5LM043', nombreAbsence = '0', trimestreAbsence = '3', codeAnnee = '2425' WHERE idAbsence = '117';
-- 2025-07-07 11:33:46
UPDATE absence SET matricule = '5LM044', nombreAbsence = '0', trimestreAbsence = '3', codeAnnee = '2425' WHERE idAbsence = '118';
-- 2025-07-07 11:33:46
UPDATE absence SET matricule = '5LM045', nombreAbsence = '0', trimestreAbsence = '3', codeAnnee = '2425' WHERE idAbsence = '119';
-- 2025-07-07 11:33:46
UPDATE absence SET matricule = '5LM046', nombreAbsence = '0', trimestreAbsence = '3', codeAnnee = '2425' WHERE idAbsence = '120';
-- 2025-07-07 11:33:46
UPDATE absence SET matricule = '5LM047', nombreAbsence = '0', trimestreAbsence = '3', codeAnnee = '2425' WHERE idAbsence = '121';
-- 2025-07-07 11:33:46
UPDATE absence SET matricule = '5LM048', nombreAbsence = '0', trimestreAbsence = '3', codeAnnee = '2425' WHERE idAbsence = '122';
-- 2025-07-07 11:33:46
UPDATE absence SET matricule = '5LM049', nombreAbsence = '0', trimestreAbsence = '3', codeAnnee = '2425' WHERE idAbsence = '123';
-- 2025-07-07 11:33:46
UPDATE absence SET matricule = '5LM050', nombreAbsence = '0', trimestreAbsence = '3', codeAnnee = '2425' WHERE idAbsence = '124';
-- 2025-07-07 11:33:46
UPDATE absence SET matricule = '5LM051', nombreAbsence = '0', trimestreAbsence = '3', codeAnnee = '2425' WHERE idAbsence = '125';
-- 2025-07-07 11:33:46
UPDATE absence SET matricule = '5LM052', nombreAbsence = '0', trimestreAbsence = '3', codeAnnee = '2425' WHERE idAbsence = '126';
-- 2025-07-07 11:33:46
UPDATE absence SET matricule = '5LM053', nombreAbsence = '00', trimestreAbsence = '3', codeAnnee = '2425' WHERE idAbsence = '127';
-- 2025-07-07 11:33:46
UPDATE absence SET matricule = '5LM054', nombreAbsence = '0', trimestreAbsence = '3', codeAnnee = '2425' WHERE idAbsence = '128';
-- 2025-07-07 11:33:46
UPDATE absence SET matricule = '5LM055', nombreAbsence = '0', trimestreAbsence = '3', codeAnnee = '2425' WHERE idAbsence = '129';
-- 2025-07-07 11:33:46
UPDATE absence SET matricule = '5LM056', nombreAbsence = '0', trimestreAbsence = '3', codeAnnee = '2425' WHERE idAbsence = '130';
-- 2025-07-07 11:33:46
UPDATE absence SET matricule = '5LM057', nombreAbsence = '0', trimestreAbsence = '3', codeAnnee = '2425' WHERE idAbsence = '131';
-- 2025-07-07 11:35:08
UPDATE absence SET matricule = '5LM001', nombreAbsence = '0', trimestreAbsence = '3', codeAnnee = '2425' WHERE idAbsence = '75';
-- 2025-07-07 11:35:08
UPDATE absence SET matricule = '5LM002', nombreAbsence = '0', trimestreAbsence = '3', codeAnnee = '2425' WHERE idAbsence = '76';
-- 2025-07-07 11:35:09
UPDATE absence SET matricule = '5LM003', nombreAbsence = '0', trimestreAbsence = '3', codeAnnee = '2425' WHERE idAbsence = '77';
-- 2025-07-07 11:35:09
UPDATE absence SET matricule = '5LM004', nombreAbsence = '0', trimestreAbsence = '3', codeAnnee = '2425' WHERE idAbsence = '78';
-- 2025-07-07 11:35:09
UPDATE absence SET matricule = '5LM005', nombreAbsence = '0', trimestreAbsence = '3', codeAnnee = '2425' WHERE idAbsence = '79';
-- 2025-07-07 11:35:09
UPDATE absence SET matricule = '5LM006', nombreAbsence = '0', trimestreAbsence = '3', codeAnnee = '2425' WHERE idAbsence = '80';
-- 2025-07-07 11:35:09
UPDATE absence SET matricule = '5LM007', nombreAbsence = '0', trimestreAbsence = '3', codeAnnee = '2425' WHERE idAbsence = '81';
-- 2025-07-07 11:35:09
UPDATE absence SET matricule = '5LM008', nombreAbsence = '0', trimestreAbsence = '3', codeAnnee = '2425' WHERE idAbsence = '82';
-- 2025-07-07 11:35:09
UPDATE absence SET matricule = '5LM009', nombreAbsence = '0', trimestreAbsence = '3', codeAnnee = '2425' WHERE idAbsence = '83';
-- 2025-07-07 11:35:09
UPDATE absence SET matricule = '5LM010', nombreAbsence = '1', trimestreAbsence = '3', codeAnnee = '2425' WHERE idAbsence = '84';
-- 2025-07-07 11:35:09
UPDATE absence SET matricule = '5LM011', nombreAbsence = '1', trimestreAbsence = '3', codeAnnee = '2425' WHERE idAbsence = '85';
-- 2025-07-07 11:35:09
UPDATE absence SET matricule = '5LM012', nombreAbsence = '2', trimestreAbsence = '3', codeAnnee = '2425' WHERE idAbsence = '86';
-- 2025-07-07 11:35:09
UPDATE absence SET matricule = '5LM013', nombreAbsence = '0', trimestreAbsence = '3', codeAnnee = '2425' WHERE idAbsence = '87';
-- 2025-07-07 11:35:09
UPDATE absence SET matricule = '5LM014', nombreAbsence = '1', trimestreAbsence = '3', codeAnnee = '2425' WHERE idAbsence = '88';
-- 2025-07-07 11:35:09
UPDATE absence SET matricule = '5LM015', nombreAbsence = '1', trimestreAbsence = '3', codeAnnee = '2425' WHERE idAbsence = '89';
-- 2025-07-07 11:35:09
UPDATE absence SET matricule = '5LM016', nombreAbsence = '0', trimestreAbsence = '3', codeAnnee = '2425' WHERE idAbsence = '90';
-- 2025-07-07 11:35:09
UPDATE absence SET matricule = '5LM017', nombreAbsence = '0', trimestreAbsence = '3', codeAnnee = '2425' WHERE idAbsence = '91';
-- 2025-07-07 11:35:09
UPDATE absence SET matricule = '5LM018', nombreAbsence = '0', trimestreAbsence = '3', codeAnnee = '2425' WHERE idAbsence = '92';
-- 2025-07-07 11:35:09
UPDATE absence SET matricule = '5LM019', nombreAbsence = '0', trimestreAbsence = '3', codeAnnee = '2425' WHERE idAbsence = '93';
-- 2025-07-07 11:35:09
UPDATE absence SET matricule = '5LM020', nombreAbsence = '0', trimestreAbsence = '3', codeAnnee = '2425' WHERE idAbsence = '94';
-- 2025-07-07 11:35:09
UPDATE absence SET matricule = '5LM021', nombreAbsence = '0', trimestreAbsence = '3', codeAnnee = '2425' WHERE idAbsence = '95';
-- 2025-07-07 11:35:09
UPDATE absence SET matricule = '5LM022', nombreAbsence = '0', trimestreAbsence = '3', codeAnnee = '2425' WHERE idAbsence = '96';
-- 2025-07-07 11:35:09
UPDATE absence SET matricule = '5LM023', nombreAbsence = '0', trimestreAbsence = '3', codeAnnee = '2425' WHERE idAbsence = '97';
-- 2025-07-07 11:35:09
UPDATE absence SET matricule = '5LM024', nombreAbsence = '0', trimestreAbsence = '3', codeAnnee = '2425' WHERE idAbsence = '98';
-- 2025-07-07 11:35:09
UPDATE absence SET matricule = '5LM025', nombreAbsence = '0', trimestreAbsence = '3', codeAnnee = '2425' WHERE idAbsence = '99';
-- 2025-07-07 11:35:09
UPDATE absence SET matricule = '5LM026', nombreAbsence = '0', trimestreAbsence = '3', codeAnnee = '2425' WHERE idAbsence = '100';
-- 2025-07-07 11:35:09
UPDATE absence SET matricule = '5LM027', nombreAbsence = '0', trimestreAbsence = '3', codeAnnee = '2425' WHERE idAbsence = '101';
-- 2025-07-07 11:35:09
UPDATE absence SET matricule = '5LM028', nombreAbsence = '0', trimestreAbsence = '3', codeAnnee = '2425' WHERE idAbsence = '102';
-- 2025-07-07 11:35:09
UPDATE absence SET matricule = '5LM029', nombreAbsence = '0', trimestreAbsence = '3', codeAnnee = '2425' WHERE idAbsence = '103';
-- 2025-07-07 11:35:09
UPDATE absence SET matricule = '5LM030', nombreAbsence = '0', trimestreAbsence = '3', codeAnnee = '2425' WHERE idAbsence = '104';
-- 2025-07-07 11:35:09
UPDATE absence SET matricule = '5LM031', nombreAbsence = '0', trimestreAbsence = '3', codeAnnee = '2425' WHERE idAbsence = '105';
-- 2025-07-07 11:35:09
UPDATE absence SET matricule = '5LM032', nombreAbsence = '0', trimestreAbsence = '3', codeAnnee = '2425' WHERE idAbsence = '106';
-- 2025-07-07 11:35:09
UPDATE absence SET matricule = '5LM033', nombreAbsence = '0', trimestreAbsence = '3', codeAnnee = '2425' WHERE idAbsence = '107';
-- 2025-07-07 11:35:09
UPDATE absence SET matricule = '5LM034', nombreAbsence = '0', trimestreAbsence = '3', codeAnnee = '2425' WHERE idAbsence = '108';
-- 2025-07-07 11:35:09
UPDATE absence SET matricule = '5LM035', nombreAbsence = '0', trimestreAbsence = '3', codeAnnee = '2425' WHERE idAbsence = '109';
-- 2025-07-07 11:35:09
UPDATE absence SET matricule = '5LM036', nombreAbsence = '0', trimestreAbsence = '3', codeAnnee = '2425' WHERE idAbsence = '110';
-- 2025-07-07 11:35:09
UPDATE absence SET matricule = '5LM037', nombreAbsence = '0', trimestreAbsence = '3', codeAnnee = '2425' WHERE idAbsence = '111';
-- 2025-07-07 11:35:09
UPDATE absence SET matricule = '5LM038', nombreAbsence = '0', trimestreAbsence = '3', codeAnnee = '2425' WHERE idAbsence = '112';
-- 2025-07-07 11:35:09
UPDATE absence SET matricule = '5LM039', nombreAbsence = '0', trimestreAbsence = '3', codeAnnee = '2425' WHERE idAbsence = '113';
-- 2025-07-07 11:35:09
UPDATE absence SET matricule = '5LM040', nombreAbsence = '0', trimestreAbsence = '3', codeAnnee = '2425' WHERE idAbsence = '114';
-- 2025-07-07 11:35:09
UPDATE absence SET matricule = '5LM041', nombreAbsence = '0', trimestreAbsence = '3', codeAnnee = '2425' WHERE idAbsence = '115';
-- 2025-07-07 11:35:09
UPDATE absence SET matricule = '5LM042', nombreAbsence = '0', trimestreAbsence = '3', codeAnnee = '2425' WHERE idAbsence = '116';
-- 2025-07-07 11:35:09
UPDATE absence SET matricule = '5LM043', nombreAbsence = '0', trimestreAbsence = '3', codeAnnee = '2425' WHERE idAbsence = '117';
-- 2025-07-07 11:35:10
UPDATE absence SET matricule = '5LM044', nombreAbsence = '0', trimestreAbsence = '3', codeAnnee = '2425' WHERE idAbsence = '118';
-- 2025-07-07 11:35:10
UPDATE absence SET matricule = '5LM045', nombreAbsence = '0', trimestreAbsence = '3', codeAnnee = '2425' WHERE idAbsence = '119';
-- 2025-07-07 11:35:10
UPDATE absence SET matricule = '5LM046', nombreAbsence = '0', trimestreAbsence = '3', codeAnnee = '2425' WHERE idAbsence = '120';
-- 2025-07-07 11:35:10
UPDATE absence SET matricule = '5LM047', nombreAbsence = '0', trimestreAbsence = '3', codeAnnee = '2425' WHERE idAbsence = '121';
-- 2025-07-07 11:35:10
UPDATE absence SET matricule = '5LM048', nombreAbsence = '0', trimestreAbsence = '3', codeAnnee = '2425' WHERE idAbsence = '122';
-- 2025-07-07 11:35:10
UPDATE absence SET matricule = '5LM049', nombreAbsence = '0', trimestreAbsence = '3', codeAnnee = '2425' WHERE idAbsence = '123';
-- 2025-07-07 11:35:10
UPDATE absence SET matricule = '5LM050', nombreAbsence = '0', trimestreAbsence = '3', codeAnnee = '2425' WHERE idAbsence = '124';
-- 2025-07-07 11:35:10
UPDATE absence SET matricule = '5LM051', nombreAbsence = '0', trimestreAbsence = '3', codeAnnee = '2425' WHERE idAbsence = '125';
-- 2025-07-07 11:35:10
UPDATE absence SET matricule = '5LM052', nombreAbsence = '0', trimestreAbsence = '3', codeAnnee = '2425' WHERE idAbsence = '126';
-- 2025-07-07 11:35:10
UPDATE absence SET matricule = '5LM053', nombreAbsence = '00', trimestreAbsence = '3', codeAnnee = '2425' WHERE idAbsence = '127';
-- 2025-07-07 11:35:10
UPDATE absence SET matricule = '5LM054', nombreAbsence = '0', trimestreAbsence = '3', codeAnnee = '2425' WHERE idAbsence = '128';
-- 2025-07-07 11:35:10
UPDATE absence SET matricule = '5LM055', nombreAbsence = '0', trimestreAbsence = '3', codeAnnee = '2425' WHERE idAbsence = '129';
-- 2025-07-07 11:35:10
UPDATE absence SET matricule = '5LM056', nombreAbsence = '0', trimestreAbsence = '3', codeAnnee = '2425' WHERE idAbsence = '130';
-- 2025-07-07 11:35:10
UPDATE absence SET matricule = '5LM057', nombreAbsence = '0', trimestreAbsence = '3', codeAnnee = '2425' WHERE idAbsence = '131';
-- 2025-07-07 12:38:06
insert into professeur(matriculeProfesseur,nomProfesseur,ismeProfesseur,sexeProfesseur,adresseProfesseur,nniProfesseur,codeSpecialite,dateDebutProfesseur,dateArriveeProfesseur,telProfesseur,emailProfesseur,statutProfesseur,cycleProfesseur) values('124864A','Djibril Ba','حبريل با ','M','thialgou','3158193186','mpc','2000-01-01','2000-01-01','4189623','yall@gmail.com','actif','1');
-- 2025-07-10 17:33:15
update note set note='14' where idNote='255' ;
-- 2025-07-10 17:33:31
update note set note='13' where idNote='126' ;
-- 2025-09-17 21:59:39
insert into eleve(matricule,nom,isme,sexe,dateNaissance,lieuNaissance,adresse,nni,statutEleve) values('3456346','Mohamed Thiam','محمد اتيام ','M','2000-01-01','Thialgou','thialgou','36341516353','actif');
-- 2025-09-17 22:00:49
insert into inscrit(idInscrit,matricule,codeSalleClasse,numeroInscrit,typeInscrit,dateInscription) values('','3456346','A24255LM','58','nouveau-passant','2025-09-17');
-- 2025-10-12 17:49:58
update note set note='10' where idNote='710' ;
-- 2025-10-12 17:50:18
update note set note='9' where idNote='710' ;
-- 2025-10-12 17:52:29
insert into examen (codeExamen,codeClasseMatiere,codeSalleClasse,codeEvaluation,dateExamen,statutExamen,heureDebutExamen,heureFinExamen,trimestreExamen) values ('A24255D30A24255DMATH0C1','A24255DMATH','A24255D3','C1','','1','','','1');
-- 2025-10-12 17:55:02
insert into note(matricule,codeExamen,note) values('5d301','A24255D30A24255DMATH0C1','9.25');
-- 2025-10-12 17:55:02
insert into note(matricule,codeExamen,note) values('5d302','A24255D30A24255DMATH0C1','8');
-- 2025-10-12 17:55:02
insert into note(matricule,codeExamen,note) values('5d303','A24255D30A24255DMATH0C1','14.5');
-- 2025-10-12 17:55:02
insert into note(matricule,codeExamen,note) values('5d304','A24255D30A24255DMATH0C1','11.25');
-- 2025-10-12 17:55:03
insert into note(matricule,codeExamen,note) values('5d305','A24255D30A24255DMATH0C1','9');
-- 2025-10-12 17:55:03
insert into note(matricule,codeExamen,note) values('5d306','A24255D30A24255DMATH0C1','9');
-- 2025-10-12 17:55:03
insert into note(matricule,codeExamen,note) values('5d307','A24255D30A24255DMATH0C1','0');
-- 2025-10-12 17:55:03
insert into note(matricule,codeExamen,note) values('5d308','A24255D30A24255DMATH0C1','10');
-- 2025-10-12 17:55:03
insert into note(matricule,codeExamen,note) values('5d309','A24255D30A24255DMATH0C1','8.25');
-- 2025-10-12 17:55:04
insert into note(matricule,codeExamen,note) values('5d310','A24255D30A24255DMATH0C1','15.75');
-- 2025-10-12 17:55:04
insert into note(matricule,codeExamen,note) values('5d311','A24255D30A24255DMATH0C1','11');
-- 2025-10-12 17:55:04
insert into note(matricule,codeExamen,note) values('5d312','A24255D30A24255DMATH0C1','8.25');
-- 2025-10-12 17:55:04
insert into note(matricule,codeExamen,note) values('5d313','A24255D30A24255DMATH0C1','13.5');
-- 2025-10-12 17:55:04
insert into note(matricule,codeExamen,note) values('5d314','A24255D30A24255DMATH0C1','16.25');
-- 2025-10-12 17:55:04
insert into note(matricule,codeExamen,note) values('5d315','A24255D30A24255DMATH0C1','7.75');
-- 2025-10-12 17:55:05
insert into note(matricule,codeExamen,note) values('5d316','A24255D30A24255DMATH0C1','10');
-- 2025-10-12 17:55:05
insert into note(matricule,codeExamen,note) values('5d317','A24255D30A24255DMATH0C1','4.5');
-- 2025-10-12 17:55:05
insert into note(matricule,codeExamen,note) values('5d318','A24255D30A24255DMATH0C1','0');
-- 2025-10-12 17:55:05
insert into note(matricule,codeExamen,note) values('5d319','A24255D30A24255DMATH0C1','9.75');
-- 2025-10-12 17:55:05
insert into note(matricule,codeExamen,note) values('5d320','A24255D30A24255DMATH0C1','8');
-- 2025-10-12 17:55:05
insert into note(matricule,codeExamen,note) values('5d321','A24255D30A24255DMATH0C1','4.75');
-- 2025-10-12 17:55:06
insert into note(matricule,codeExamen,note) values('5d322','A24255D30A24255DMATH0C1','10.75');
-- 2025-10-12 17:55:06
insert into note(matricule,codeExamen,note) values('5d323','A24255D30A24255DMATH0C1','8');
-- 2025-10-12 17:55:06
insert into note(matricule,codeExamen,note) values('5d324','A24255D30A24255DMATH0C1','11.25');
-- 2025-10-12 17:55:06
insert into note(matricule,codeExamen,note) values('5d325','A24255D30A24255DMATH0C1','0');
-- 2025-10-12 17:55:06
insert into note(matricule,codeExamen,note) values('5d326','A24255D30A24255DMATH0C1','9.25');
-- 2025-10-12 17:55:07
insert into note(matricule,codeExamen,note) values('5d327','A24255D30A24255DMATH0C1','8');
-- 2025-10-12 17:55:07
insert into note(matricule,codeExamen,note) values('5d328','A24255D30A24255DMATH0C1','7');
-- 2025-10-12 17:55:07
insert into note(matricule,codeExamen,note) values('5d329','A24255D30A24255DMATH0C1','14');
-- 2025-10-12 17:55:07
insert into note(matricule,codeExamen,note) values('5d330','A24255D30A24255DMATH0C1','8');
-- 2025-10-12 17:55:07
insert into note(matricule,codeExamen,note) values('5d331','A24255D30A24255DMATH0C1','6');
-- 2025-10-12 17:55:07
insert into note(matricule,codeExamen,note) values('5d332','A24255D30A24255DMATH0C1','9');
-- 2025-10-12 17:55:07
insert into note(matricule,codeExamen,note) values('5d333','A24255D30A24255DMATH0C1','6.5');
-- 2025-10-12 17:55:08
insert into note(matricule,codeExamen,note) values('5d334','A24255D30A24255DMATH0C1','13');
-- 2025-10-12 17:55:08
insert into note(matricule,codeExamen,note) values('5d335','A24255D30A24255DMATH0C1','9.75');
-- 2025-10-12 17:55:08
insert into note(matricule,codeExamen,note) values('5d336','A24255D30A24255DMATH0C1','16.25');
-- 2025-10-12 17:55:08
insert into note(matricule,codeExamen,note) values('5d337','A24255D30A24255DMATH0C1','10.75');
-- 2025-10-12 17:55:08
insert into note(matricule,codeExamen,note) values('5d338','A24255D30A24255DMATH0C1','13');
-- 2025-10-12 17:55:08
insert into note(matricule,codeExamen,note) values('5d339','A24255D30A24255DMATH0C1','13');
-- 2025-10-12 17:55:09
insert into note(matricule,codeExamen,note) values('5d340','A24255D30A24255DMATH0C1','11');
-- 2025-10-12 17:55:09
insert into note(matricule,codeExamen,note) values('5d341','A24255D30A24255DMATH0C1','9.25');
-- 2025-10-12 17:55:09
insert into note(matricule,codeExamen,note) values('5d342','A24255D30A24255DMATH0C1','11.75');
-- 2025-10-12 17:55:09
insert into note(matricule,codeExamen,note) values('5d343','A24255D30A24255DMATH0C1','11.25');
-- 2025-10-12 17:55:09
insert into note(matricule,codeExamen,note) values('5d344','A24255D30A24255DMATH0C1','10');
-- 2025-10-12 17:55:09
insert into note(matricule,codeExamen,note) values('5d345','A24255D30A24255DMATH0C1','5');
-- 2025-10-12 17:55:10
insert into note(matricule,codeExamen,note) values('5d346','A24255D30A24255DMATH0C1','12.25');
-- 2025-10-12 17:55:10
insert into note(matricule,codeExamen,note) values('5d347','A24255D30A24255DMATH0C1','8.5');
-- 2025-10-12 17:55:10
insert into note(matricule,codeExamen,note) values('5d348','A24255D30A24255DMATH0C1','9');
-- 2025-10-12 17:55:10
insert into note(matricule,codeExamen,note) values('5d349','A24255D30A24255DMATH0C1','0');
-- 2025-10-12 17:55:10
insert into note(matricule,codeExamen,note) values('5d350','A24255D30A24255DMATH0C1','5.5');
-- 2025-10-12 17:55:10
insert into note(matricule,codeExamen,note) values('5d351','A24255D30A24255DMATH0C1','6.25');
-- 2025-10-12 17:55:11
insert into note(matricule,codeExamen,note) values('5d352','A24255D30A24255DMATH0C1','8');
-- 2025-10-12 17:55:11
insert into note(matricule,codeExamen,note) values('5d353','A24255D30A24255DMATH0C1','11');
-- 2025-10-12 17:55:11
insert into note(matricule,codeExamen,note) values('5d354','A24255D30A24255DMATH0C1','9.25');
-- 2025-10-12 17:55:11
insert into note(matricule,codeExamen,note) values('5d355','A24255D30A24255DMATH0C1','9');
-- 2025-10-12 17:55:11
insert into note(matricule,codeExamen,note) values('5d356','A24255D30A24255DMATH0C1','14');
-- 2025-10-12 17:55:11
insert into note(matricule,codeExamen,note) values('5d357','A24255D30A24255DMATH0C1','7.25');
-- 2025-10-12 17:55:12
insert into note(matricule,codeExamen,note) values('5d358','A24255D30A24255DMATH0C1','7.5');
-- 2025-10-12 17:55:12
insert into note(matricule,codeExamen,note) values('5d359','A24255D30A24255DMATH0C1','8.5');
-- 2025-10-12 17:55:12
insert into note(matricule,codeExamen,note) values('5d360','A24255D30A24255DMATH0C1','12.25');
-- 2025-10-12 17:55:12
insert into note(matricule,codeExamen,note) values('5d361','A24255D30A24255DMATH0C1','16.25');
delete from note where codeExamen='A24255D30A24255DMATH0C1' 
-- 2025-10-12 17:56:51
update examen set dateExamen='2025-10-12',heureDebutExamen='00:00:00',heureFinExamen='00:00:00',statutExamen='1',trimestreExamen='1' where codeExamen='A24255D30A24255DMATH0C1';
-- 2025-10-12 18:08:23
UPDATE etablissement SET nomEtablissement = 'Lycee de Boghé', ismeEtablissement = 'ثانوية بوغي', adresseEtablissement = 'Boghé Dow', villeEtablissement = 'Boghé', telEtablissement = '45 00 45 00', emailEtablissement = 'LyceeBoghe@gmail.com', imagePathEtablissement = '' WHERE idEtablissement = '8';
-- 2025-10-14 17:38:40
insert into planning (matriculeProfesseur, codeSalleClasse, codeMatiere, jourPlanning, codeHoraire) values ('', 'A24251AS1', 'AR', 'Lundi', '08-09');
-- 2025-10-14 17:41:22
insert into planning (matriculeProfesseur, codeSalleClasse, codeMatiere, jourPlanning, codeHoraire) values ('', 'A24252AS2', 'AR', 'Lundi', '08-09');
-- 2025-10-14 17:42:43
insert into planning (matriculeProfesseur, codeSalleClasse, codeMatiere, jourPlanning, codeHoraire) values ('', 'A24255D3', 'AR', 'Lundi', '08-09');
-- 2025-10-14 17:44:31
insert into planning (matriculeProfesseur, codeSalleClasse, codeMatiere, jourPlanning, codeHoraire) values ('', 'A24255LM', 'AR', 'Lundi', '08-09');
-- 2025-10-14 17:48:01
insert into planning (matriculeProfesseur, codeSalleClasse, codeMatiere, jourPlanning, codeHoraire) values ('', 'A24255D1', 'AR', 'Lundi', '08-09');
-- 2025-10-14 18:00:34
delete from planning where idPlanning = '25';
-- 2025-10-14 18:01:57
delete from planning where idPlanning = '24';
-- 2025-10-14 18:02:04
delete from planning where idPlanning = '17';
-- 2025-10-14 18:26:42
update planning set matriculeProfesseur = '', codeSalleClasse = 'A24251AS1', codeMatiere = 'AR', jourPlanning = 'Lundi', codeHoraire = '08-09' where idPlanning = '8';
-- 2025-10-14 18:26:52
update planning set matriculeProfesseur = '124871D', codeSalleClasse = 'A24251AS1', codeMatiere = 'AR', jourPlanning = 'Lundi', codeHoraire = '08-09' where idPlanning = '8';
-- 2025-10-14 18:27:55
update planning set matriculeProfesseur = '6452225', codeSalleClasse = 'A24252AS2', codeMatiere = 'AR', jourPlanning = 'Lundi', codeHoraire = '08-09' where idPlanning = '11';
-- 2025-10-14 18:28:50
insert into planning (matriculeProfesseur, codeSalleClasse, codeMatiere, jourPlanning, codeHoraire) values ('124864A', 'A24251AS1', 'PC', 'Mardi', '08-09');
-- 2025-10-15 17:32:19
insert into planning (matriculeProfesseur, codeSalleClasse, codeMatiere, jourPlanning, codeHoraire) values ('124864A', 'A24251AS1', 'AR', 'Lundi', '08-10');
-- 2025-10-15 17:32:30
delete from planning where idPlanning = '30';
-- 2025-10-15 17:57:19
update planning set matriculeProfesseur = '124864A', codeSalleClasse = 'A24251AS1', codeMatiere = 'AR', jourPlanning = 'Lundi', codeHoraire = '10-12' where idPlanning = '27';
-- 2025-10-15 17:59:11
update planning set matriculeProfesseur = '124871D', codeSalleClasse = 'A24251AS1', codeMatiere = 'MATH', jourPlanning = 'Mardi', codeHoraire = '08-09' where idPlanning = '11';
-- 2025-10-15 18:09:08
insert into planning (matriculeProfesseur, codeSalleClasse, codeMatiere, jourPlanning, codeHoraire) values ('6452225', 'A24252AS2', 'PC', 'Lundi', '08-09');
-- 2025-10-15 18:09:38
insert into planning (matriculeProfesseur, codeSalleClasse, codeMatiere, jourPlanning, codeHoraire) values ('124864A', 'A24252AS2', 'PC', 'Mardi', '08-09');
-- 2025-10-15 18:12:11
update planning set matriculeProfesseur = '124864A', codeSalleClasse = 'A24252AS2', codeMatiere = 'PC', jourPlanning = 'Mardi', codeHoraire = '08-09' where idPlanning = '32';
-- 2025-10-15 18:12:11
update planning set matriculeProfesseur = '124864A', codeSalleClasse = 'A24252AS2', codeMatiere = 'PC', jourPlanning = 'Mardi', codeHoraire = '08-09' where idPlanning = '32';
-- 2025-10-15 18:13:23
update planning set matriculeProfesseur = '124864A', codeSalleClasse = 'A24251AS1', codeMatiere = 'AR', jourPlanning = 'Lundi', codeHoraire = '09-10' where idPlanning = '27';
-- 2025-10-16 08:59:27
insert into planning (matriculeProfesseur, codeSalleClasse, codeMatiere, jourPlanning, codeHoraire,codeAnnee) values ('124864A', 'A24251AS1', 'AR', 'Lundi', '08-09','2425');
-- 2025-10-16 09:29:49
update planning set matriculeProfesseur = '124864A', codeSalleClasse = 'A24251AS1', codeMatiere = 'MATH', jourPlanning = 'Lundi', codeHoraire = '08-09',codeAnnee = '2425' where idPlanning = '8';
-- 2025-10-16 09:32:12
insert into planning (matriculeProfesseur, codeSalleClasse, codeMatiere, jourPlanning, codeHoraire,codeAnnee) values ('124864A', 'A24252AS2', 'MATH', 'Lundi', '10-12','2425');
-- 2025-10-16 09:32:27
update planning set matriculeProfesseur = '124864A', codeSalleClasse = 'A24251AS1', codeMatiere = 'MATH', jourPlanning = 'Lundi', codeHoraire = '08-10',codeAnnee = '2425' where idPlanning = '8';
-- 2025-10-16 09:33:15
insert into planning (matriculeProfesseur, codeSalleClasse, codeMatiere, jourPlanning, codeHoraire,codeAnnee) values ('124871D', 'A24252AS2', 'AR', 'Lundi', '08-10','2425');
-- 2025-10-16 09:33:43
update planning set matriculeProfesseur = '124871D', codeSalleClasse = 'A24252AS2', codeMatiere = 'PC', jourPlanning = 'Lundi', codeHoraire = '08-10',codeAnnee = '2425' where idPlanning = '10';